"VarName";"TimeString";"VarValue";"Validity";"Time_ms"
"Tlm_Bil21_Eu";"25/09/2026 16:56:23";0,1;1;46290705823,7963
"Tlm_Dos8_Eu";"25/09/2026 16:56:23";4149,7;1;46290705823,7963
"HMI<->PLC_Real{0}";"25/09/2026 16:56:23";1247;1;46290705823,7963
"Tlm_Bil21_Eu";"25/09/2026 16:56:24";0,5;1;46290705835,4051
"Tlm_Dos8_Eu";"25/09/2026 16:56:24";4128,8;1;46290705835,4051
"HMI<->PLC_Real{0}";"25/09/2026 16:56:24";1247;1;46290705835,4051
"Tlm_Bil21_Eu";"25/09/2026 16:56:25";3,3;1;46290705847,0255
"Tlm_Dos8_Eu";"25/09/2026 16:56:25";4195,4;1;46290705847,0255
"HMI<->PLC_Real{0}";"25/09/2026 16:56:25";1247;1;46290705847,0255
"Tlm_Bil21_Eu";"25/09/2026 16:56:26";13,9;1;46290705858,6458
"Tlm_Dos8_Eu";"25/09/2026 16:56:26";4086,7;1;46290705858,6458
"HMI<->PLC_Real{0}";"25/09/2026 16:56:26";1247;1;46290705858,6458
"Tlm_Bil21_Eu";"25/09/2026 16:56:27";30,2;1;46290705870,3241
"Tlm_Dos8_Eu";"25/09/2026 16:56:27";4057,4;1;46290705870,3241
"HMI<->PLC_Real{0}";"25/09/2026 16:56:27";1247;1;46290705870,3241
"Tlm_Bil21_Eu";"25/09/2026 16:56:28";57,7;1;46290705882,662
"Tlm_Dos8_Eu";"25/09/2026 16:56:28";4044,5;1;46290705882,662
"HMI<->PLC_Real{0}";"25/09/2026 16:56:28";1247;1;46290705882,662
"Tlm_Bil21_Eu";"25/09/2026 16:56:29";82,8;1;46290705895,0116
"Tlm_Dos8_Eu";"25/09/2026 16:56:29";4084,4;1;46290705895,0116
"HMI<->PLC_Real{0}";"25/09/2026 16:56:29";1247;1;46290705895,0116
"Tlm_Bil21_Eu";"25/09/2026 16:56:30";125,6;1;46290705907,3495
"Tlm_Dos8_Eu";"25/09/2026 16:56:30";4000,3;1;46290705907,3495
"HMI<->PLC_Real{0}";"25/09/2026 16:56:30";1247;1;46290705907,3495
"Tlm_Bil21_Eu";"25/09/2026 16:56:31";174;1;46290705919,6759
"Tlm_Dos8_Eu";"25/09/2026 16:56:31";3946,9;1;46290705919,6759
"HMI<->PLC_Real{0}";"25/09/2026 16:56:31";1247;1;46290705919,6759
"Tlm_Bil21_Eu";"25/09/2026 16:56:33";278,9;1;46290705932,0139
"Tlm_Dos8_Eu";"25/09/2026 16:56:33";3967,6;1;46290705932,0139
"HMI<->PLC_Real{0}";"25/09/2026 16:56:33";1247;1;46290705932,0139
"Tlm_Bil21_Eu";"25/09/2026 16:56:34";309,6;1;46290705944,3519
"Tlm_Dos8_Eu";"25/09/2026 16:56:34";3806,6;1;46290705944,3519
"HMI<->PLC_Real{0}";"25/09/2026 16:56:34";1247;1;46290705944,3519
"Tlm_Bil21_Eu";"25/09/2026 16:56:35";362,3;1;46290705956,6667
"Tlm_Dos8_Eu";"25/09/2026 16:56:35";3767,2;1;46290705956,6667
"HMI<->PLC_Real{0}";"25/09/2026 16:56:35";1247;1;46290705956,6667
"Tlm_Bil21_Eu";"25/09/2026 16:56:36";392,1;1;46290705969,0162
"Tlm_Dos8_Eu";"25/09/2026 16:56:36";3706,4;1;46290705969,0162
"HMI<->PLC_Real{0}";"25/09/2026 16:56:36";1247;1;46290705969,0162
"Tlm_Bil21_Eu";"25/09/2026 16:56:37";450,8;1;46290705981,412
"Tlm_Dos8_Eu";"25/09/2026 16:56:37";3687,7;1;46290705981,412
"HMI<->PLC_Real{0}";"25/09/2026 16:56:37";1247;1;46290705981,412
"Tlm_Bil21_Eu";"25/09/2026 16:56:38";487,4;1;46290705993,7847
"Tlm_Dos8_Eu";"25/09/2026 16:56:38";3612;1;46290705993,7847
"HMI<->PLC_Real{0}";"25/09/2026 16:56:38";1247;1;46290705993,7847
"Tlm_Bil21_Eu";"25/09/2026 16:56:39";534,7;1;46290706006,1574
"Tlm_Dos8_Eu";"25/09/2026 16:56:39";3559,8;1;46290706006,1574
"HMI<->PLC_Real{0}";"25/09/2026 16:56:39";1247;1;46290706006,1574
"Tlm_Bil21_Eu";"25/09/2026 16:56:40";567,5;1;46290706018,5301
"Tlm_Dos8_Eu";"25/09/2026 16:56:40";3581,7;1;46290706018,5301
"HMI<->PLC_Real{0}";"25/09/2026 16:56:40";1247;1;46290706018,5301
"Tlm_Bil21_Eu";"25/09/2026 16:56:41";628,4;1;46290706030,9259
"Tlm_Dos8_Eu";"25/09/2026 16:56:41";3606,6;1;46290706030,9259
"HMI<->PLC_Real{0}";"25/09/2026 16:56:41";1247;1;46290706030,9259
"Tlm_Bil21_Eu";"25/09/2026 16:56:42";682,9;1;46290706043,287
"Tlm_Dos8_Eu";"25/09/2026 16:56:42";3464,5;1;46290706043,287
"HMI<->PLC_Real{0}";"25/09/2026 16:56:42";1247;1;46290706043,287
"Tlm_Bil21_Eu";"25/09/2026 16:56:43";733,4;1;46290706055,6366
"Tlm_Dos8_Eu";"25/09/2026 16:56:43";3372,3;1;46290706055,6366
"HMI<->PLC_Real{0}";"25/09/2026 16:56:43";1247;1;46290706055,6366
"Tlm_Bil21_Eu";"25/09/2026 16:56:44";787,6;1;46290706067,963
"Tlm_Dos8_Eu";"25/09/2026 16:56:44";3351,6;1;46290706067,963
"HMI<->PLC_Real{0}";"25/09/2026 16:56:44";1247;1;46290706067,963
"Tlm_Bil21_Eu";"25/09/2026 16:56:45";836,8;1;46290706080,3356
"Tlm_Dos8_Eu";"25/09/2026 16:56:45";3230,9;1;46290706080,3356
"HMI<->PLC_Real{0}";"25/09/2026 16:56:45";1247;1;46290706080,3356
"Tlm_Bil21_Eu";"25/09/2026 16:56:46";887,2;1;46290706092,7778
"Tlm_Dos8_Eu";"25/09/2026 16:56:46";3153,6;1;46290706092,7778
"HMI<->PLC_Real{0}";"25/09/2026 16:56:46";1247;1;46290706092,7778
"Tlm_Bil21_Eu";"25/09/2026 16:56:47";937;1;46290706105,1736
"Tlm_Dos8_Eu";"25/09/2026 16:56:47";3216,9;1;46290706105,1736
"HMI<->PLC_Real{0}";"25/09/2026 16:56:47";1247;1;46290706105,1736
"Tlm_Bil21_Eu";"25/09/2026 16:56:49";990,8;1;46290706117,581
"Tlm_Dos8_Eu";"25/09/2026 16:56:49";3101,2;1;46290706117,581
"HMI<->PLC_Real{0}";"25/09/2026 16:56:49";1247;1;46290706117,581
"Tlm_Bil21_Eu";"25/09/2026 16:56:50";1009,4;1;46290706130,0463
"Tlm_Dos8_Eu";"25/09/2026 16:56:50";3033,5;1;46290706130,0463
"HMI<->PLC_Real{0}";"25/09/2026 16:56:50";1247;1;46290706130,0463
"Tlm_Bil21_Eu";"25/09/2026 16:56:51";1065,1;1;46290706142,3958
"Tlm_Dos8_Eu";"25/09/2026 16:56:51";2996,2;1;46290706142,3958
"HMI<->PLC_Real{0}";"25/09/2026 16:56:51";1247;1;46290706142,3958
"Tlm_Bil21_Eu";"25/09/2026 16:56:52";1126,1;1;46290706154,7569
"Tlm_Dos8_Eu";"25/09/2026 16:56:52";2939;1;46290706154,7569
"HMI<->PLC_Real{0}";"25/09/2026 16:56:52";1247;1;46290706154,7569
"Tlm_Bil21_Eu";"25/09/2026 16:56:53";1160,3;1;46290706167,0255
"Tlm_Dos8_Eu";"25/09/2026 16:56:53";3016,7;1;46290706167,0255
"HMI<->PLC_Real{0}";"25/09/2026 16:56:53";1247;1;46290706167,0255
"Tlm_Bil21_Eu";"25/09/2026 16:56:54";1170,4;1;46290706179,3403
"Tlm_Dos8_Eu";"25/09/2026 16:56:54";3064,4;1;46290706179,3403
"HMI<->PLC_Real{0}";"25/09/2026 16:56:54";1247;1;46290706179,3403
"Tlm_Bil21_Eu";"25/09/2026 16:56:55";1181,4;1;46290706191,6319
"Tlm_Dos8_Eu";"25/09/2026 16:56:55";2937,1;1;46290706191,6319
"HMI<->PLC_Real{0}";"25/09/2026 16:56:55";1247;1;46290706191,6319
"Tlm_Bil21_Eu";"25/09/2026 16:56:56";1210,9;1;46290706203,9931
"Tlm_Dos8_Eu";"25/09/2026 16:56:56";2918,7;1;46290706203,9931
"HMI<->PLC_Real{0}";"25/09/2026 16:56:56";1247;1;46290706203,9931
"Tlm_Bil21_Eu";"25/09/2026 16:56:57";1217,4;1;46290706216,3657
"Tlm_Dos8_Eu";"25/09/2026 16:56:57";2906,9;1;46290706216,3657
"HMI<->PLC_Real{0}";"25/09/2026 16:56:57";1247;1;46290706216,3657
"Tlm_Bil21_Eu";"25/09/2026 16:56:58";1228,5;1;46290706228,7616
"Tlm_Dos8_Eu";"25/09/2026 16:56:58";2895,1;1;46290706228,7616
"HMI<->PLC_Real{0}";"25/09/2026 16:56:58";1247;1;46290706228,7616
"Tlm_Bil21_Eu";"25/09/2026 16:56:59";1233,1;1;46290706240,6829
"Tlm_Dos8_Eu";"25/09/2026 16:56:59";2886,7;1;46290706240,6829
"HMI<->PLC_Real{0}";"25/09/2026 16:56:59";1247;1;46290706240,6829
"Tlm_Bil21_Eu";"25/09/2026 16:57:00";1236,2;1;46290706252,3264
"Tlm_Dos8_Eu";"25/09/2026 16:57:00";2881,6;1;46290706252,3264
"HMI<->PLC_Real{0}";"25/09/2026 16:57:00";1247;1;46290706252,3264
"Tlm_Bil21_Eu";"25/09/2026 16:57:01";1238,5;1;46290706263,9468
"Tlm_Dos8_Eu";"25/09/2026 16:57:01";2881,5;1;46290706263,9468
"HMI<->PLC_Real{0}";"25/09/2026 16:57:01";1247;1;46290706263,9468
"Tlm_Bil21_Eu";"25/09/2026 16:57:02";1241,5;1;46290706275,5903
"Tlm_Dos8_Eu";"25/09/2026 16:57:02";2885,3;1;46290706275,5903
"HMI<->PLC_Real{0}";"25/09/2026 16:57:02";1247;1;46290706275,5903
"Bil21_Wrk_DosaggioInCorso";"25/09/2026 16:57:03";0;1;46290706279,1782
"Tlm_Bil21_Eu";"25/09/2026 16:57:37";-0,3;1;46290706679,1204
"Tlm_Dos8_Eu";"25/09/2026 16:57:37";2878,3;1;46290706679,1204
"HMI<->PLC_Real{0}";"25/09/2026 16:57:37";1247;1;46290706679,1204
"Tlm_Bil21_Eu";"25/09/2026 16:57:38";12;1;46290706690,7407
"Tlm_Dos8_Eu";"25/09/2026 16:57:38";2779,5;1;46290706690,7407
"HMI<->PLC_Real{0}";"25/09/2026 16:57:38";1247;1;46290706690,7407
"Tlm_Bil21_Eu";"25/09/2026 16:57:39";47;1;46290706702,3843
"Tlm_Dos8_Eu";"25/09/2026 16:57:39";2756,8;1;46290706702,3843
"HMI<->PLC_Real{0}";"25/09/2026 16:57:39";1247;1;46290706702,3843
"Tlm_Bil21_Eu";"25/09/2026 16:57:40";81,1;1;46290706714,0046
"Tlm_Dos8_Eu";"25/09/2026 16:57:40";2769,7;1;46290706714,0046
"HMI<->PLC_Real{0}";"25/09/2026 16:57:40";1247;1;46290706714,0046
"Tlm_Bil21_Eu";"25/09/2026 16:57:41";113,9;1;46290706725,6481
"Tlm_Dos8_Eu";"25/09/2026 16:57:41";2768,8;1;46290706725,6481
"HMI<->PLC_Real{0}";"25/09/2026 16:57:41";1247;1;46290706725,6481
"Tlm_Bil21_Eu";"25/09/2026 16:57:42";135,9;1;46290706737,2801
"Tlm_Dos8_Eu";"25/09/2026 16:57:42";2756,3;1;46290706737,2801
"HMI<->PLC_Real{0}";"25/09/2026 16:57:42";1247;1;46290706737,2801
"Tlm_Bil21_Eu";"25/09/2026 16:57:43";155,1;1;46290706748,9236
"Tlm_Dos8_Eu";"25/09/2026 16:57:43";2646,1;1;46290706748,9236
"HMI<->PLC_Real{0}";"25/09/2026 16:57:43";1247;1;46290706748,9236
"Tlm_Bil21_Eu";"25/09/2026 16:57:44";170,8;1;46290706760,5556
"Tlm_Dos8_Eu";"25/09/2026 16:57:44";2700,8;1;46290706760,5556
"HMI<->PLC_Real{0}";"25/09/2026 16:57:44";1247;1;46290706760,5556
"Tlm_Bil21_Eu";"25/09/2026 16:57:45";183;1;46290706772,9398
"Tlm_Dos8_Eu";"25/09/2026 16:57:45";2677,3;1;46290706772,9398
"HMI<->PLC_Real{0}";"25/09/2026 16:57:45";1247;1;46290706772,9398
"Tlm_Bil21_Eu";"25/09/2026 16:57:46";195,4;1;46290706785,3935
"Tlm_Dos8_Eu";"25/09/2026 16:57:46";2760,2;1;46290706785,3935
"HMI<->PLC_Real{0}";"25/09/2026 16:57:46";1247;1;46290706785,3935
"Tlm_Bil21_Eu";"25/09/2026 16:57:47";214;1;46290706797,7778
"Tlm_Dos8_Eu";"25/09/2026 16:57:47";2577,5;1;46290706797,7778
"HMI<->PLC_Real{0}";"25/09/2026 16:57:47";1247;1;46290706797,7778
"Tlm_Bil21_Eu";"25/09/2026 16:57:48";238,9;1;46290706810,1505
"Tlm_Dos8_Eu";"25/09/2026 16:57:48";2554,3;1;46290706810,1505
"HMI<->PLC_Real{0}";"25/09/2026 16:57:48";1247;1;46290706810,1505
"Tlm_Bil21_Eu";"25/09/2026 16:57:49";265,4;1;46290706822,5
"Tlm_Dos8_Eu";"25/09/2026 16:57:49";2502,1;1;46290706822,5
"HMI<->PLC_Real{0}";"25/09/2026 16:57:49";1247;1;46290706822,5
"Tlm_Bil21_Eu";"25/09/2026 16:57:51";338,8;1;46290706834,8264
"Tlm_Dos8_Eu";"25/09/2026 16:57:51";2376,2;1;46290706834,8264
"HMI<->PLC_Real{0}";"25/09/2026 16:57:51";1247;1;46290706834,8264
"Tlm_Bil21_Eu";"25/09/2026 16:57:52";361,2;1;46290706847,0486
"Tlm_Dos8_Eu";"25/09/2026 16:57:52";2386,9;1;46290706847,0486
"HMI<->PLC_Real{0}";"25/09/2026 16:57:52";1247;1;46290706847,0486
"Tlm_Bil21_Eu";"25/09/2026 16:57:53";373,4;1;46290706858,669
"Tlm_Dos8_Eu";"25/09/2026 16:57:53";2379,5;1;46290706858,669
"HMI<->PLC_Real{0}";"25/09/2026 16:57:53";1247;1;46290706858,669
"Tlm_Bil21_Eu";"25/09/2026 16:57:54";384,8;1;46290706870,2894
"Tlm_Dos8_Eu";"25/09/2026 16:57:54";2384,6;1;46290706870,2894
"HMI<->PLC_Real{0}";"25/09/2026 16:57:54";1247;1;46290706870,2894
"Tlm_Bil21_Eu";"25/09/2026 16:57:55";395,1;1;46290706881,8981
"Tlm_Dos8_Eu";"25/09/2026 16:57:55";2491,1;1;46290706881,8981
"HMI<->PLC_Real{0}";"25/09/2026 16:57:55";1247;1;46290706881,8981
"Tlm_Bil21_Eu";"25/09/2026 16:57:56";406,6;1;46290706893,5069
"Tlm_Dos8_Eu";"25/09/2026 16:57:56";2375,7;1;46290706893,5069
"HMI<->PLC_Real{0}";"25/09/2026 16:57:56";1247;1;46290706893,5069
"Tlm_Bil21_Eu";"25/09/2026 16:57:57";423,3;1;46290706905,3009
"Tlm_Dos8_Eu";"25/09/2026 16:57:57";2248,6;1;46290706905,3009
"HMI<->PLC_Real{0}";"25/09/2026 16:57:57";1247;1;46290706905,3009
"Tlm_Bil21_Eu";"25/09/2026 16:57:58";445,9;1;46290706917,4421
"Tlm_Dos8_Eu";"25/09/2026 16:57:58";2197,7;1;46290706917,4421
"HMI<->PLC_Real{0}";"25/09/2026 16:57:58";1247;1;46290706917,4421
"Tlm_Bil21_Eu";"25/09/2026 16:57:59";467,2;1;46290706929,0741
"Tlm_Dos8_Eu";"25/09/2026 16:57:59";2230,9;1;46290706929,0741
"HMI<->PLC_Real{0}";"25/09/2026 16:57:59";1247;1;46290706929,0741
"Tlm_Bil21_Eu";"25/09/2026 16:58:00";487,4;1;46290706940,706
"Tlm_Dos8_Eu";"25/09/2026 16:58:00";2289,4;1;46290706940,706
"HMI<->PLC_Real{0}";"25/09/2026 16:58:00";1247;1;46290706940,706
"Tlm_Bil21_Eu";"25/09/2026 16:58:01";518,9;1;46290706952,8241
"Tlm_Dos8_Eu";"25/09/2026 16:58:01";2139,2;1;46290706952,8241
"HMI<->PLC_Real{0}";"25/09/2026 16:58:01";1247;1;46290706952,8241
"Tlm_Bil21_Eu";"25/09/2026 16:58:02";540;1;46290706965,6713
"Tlm_Dos8_Eu";"25/09/2026 16:58:02";2095,1;1;46290706965,6713
"HMI<->PLC_Real{0}";"25/09/2026 16:58:02";1247;1;46290706965,6713
"Tlm_Bil21_Eu";"25/09/2026 16:58:03";578,8;1;46290706977,4074
"Tlm_Dos8_Eu";"25/09/2026 16:58:03";2117,5;1;46290706977,4074
"HMI<->PLC_Real{0}";"25/09/2026 16:58:03";1247;1;46290706977,4074
"Tlm_Bil21_Eu";"25/09/2026 16:58:04";609,3;1;46290706989,0278
"Tlm_Dos8_Eu";"25/09/2026 16:58:04";2321,7;1;46290706989,0278
"HMI<->PLC_Real{0}";"25/09/2026 16:58:04";1247;1;46290706989,0278
"Tlm_Bil21_Eu";"25/09/2026 16:58:05";652;1;46290707000,6597
"Tlm_Dos8_Eu";"25/09/2026 16:58:05";2136,9;1;46290707000,6597
"HMI<->PLC_Real{0}";"25/09/2026 16:58:05";1247;1;46290707000,6597
"Tlm_Bil21_Eu";"25/09/2026 16:58:06";679,8;1;46290707012,2685
"Tlm_Dos8_Eu";"25/09/2026 16:58:06";2131,9;1;46290707012,2685
"HMI<->PLC_Real{0}";"25/09/2026 16:58:06";1247;1;46290707012,2685
"Tlm_Bil21_Eu";"25/09/2026 16:58:07";707,9;1;46290707023,8889
"Tlm_Dos8_Eu";"25/09/2026 16:58:07";1956,4;1;46290707023,8889
"HMI<->PLC_Real{0}";"25/09/2026 16:58:07";1247;1;46290707023,8889
"Tlm_Bil21_Eu";"25/09/2026 16:58:08";739,5;1;46290707035,5093
"Tlm_Dos8_Eu";"25/09/2026 16:58:08";1880,6;1;46290707035,5093
"HMI<->PLC_Real{0}";"25/09/2026 16:58:08";1247;1;46290707035,5093
"Tlm_Bil21_Eu";"25/09/2026 16:58:09";775,4;1;46290707047,1181
"Tlm_Dos8_Eu";"25/09/2026 16:58:09";1941;1;46290707047,1181
"HMI<->PLC_Real{0}";"25/09/2026 16:58:09";1247;1;46290707047,1181
"Tlm_Bil21_Eu";"25/09/2026 16:58:10";808,4;1;46290707058,75
"Tlm_Dos8_Eu";"25/09/2026 16:58:10";1968,6;1;46290707058,75
"HMI<->PLC_Real{0}";"25/09/2026 16:58:10";1247;1;46290707058,75
"Tlm_Bil21_Eu";"25/09/2026 16:58:11";856,6;1;46290707070,3704
"Tlm_Dos8_Eu";"25/09/2026 16:58:11";1871,5;1;46290707070,3704
"HMI<->PLC_Real{0}";"25/09/2026 16:58:11";1247;1;46290707070,3704
"Tlm_Bil21_Eu";"25/09/2026 16:58:12";896;1;46290707081,9907
"Tlm_Dos8_Eu";"25/09/2026 16:58:12";1842,2;1;46290707081,9907
"HMI<->PLC_Real{0}";"25/09/2026 16:58:12";1247;1;46290707081,9907
"Tlm_Bil21_Eu";"25/09/2026 16:58:13";947;1;46290707093,6227
"Tlm_Dos8_Eu";"25/09/2026 16:58:13";2034,3;1;46290707093,6227
"HMI<->PLC_Real{0}";"25/09/2026 16:58:13";1247;1;46290707093,6227
"Tlm_Bil21_Eu";"25/09/2026 16:58:14";994,5;1;46290707105,2546
"Tlm_Dos8_Eu";"25/09/2026 16:58:14";1723,3;1;46290707105,2546
"HMI<->PLC_Real{0}";"25/09/2026 16:58:14";1247;1;46290707105,2546
"Tlm_Bil21_Eu";"25/09/2026 16:58:15";1030,4;1;46290707116,8866
"Tlm_Dos8_Eu";"25/09/2026 16:58:15";1714,2;1;46290707116,8866
"HMI<->PLC_Real{0}";"25/09/2026 16:58:15";1247;1;46290707116,8866
"Tlm_Bil21_Eu";"25/09/2026 16:58:16";1061,2;1;46290707128,507
"Tlm_Dos8_Eu";"25/09/2026 16:58:16";1666,8;1;46290707128,507
"HMI<->PLC_Real{0}";"25/09/2026 16:58:16";1247;1;46290707128,507
"Tlm_Bil21_Eu";"25/09/2026 16:58:17";1079,4;1;46290707140,1389
"Tlm_Dos8_Eu";"25/09/2026 16:58:17";1622,5;1;46290707140,1389
"HMI<->PLC_Real{0}";"25/09/2026 16:58:17";1247;1;46290707140,1389
"Tlm_Bil21_Eu";"25/09/2026 16:58:18";1093,6;1;46290707151,7593
"Tlm_Dos8_Eu";"25/09/2026 16:58:18";1627,1;1;46290707151,7593
"HMI<->PLC_Real{0}";"25/09/2026 16:58:18";1247;1;46290707151,7593
"Tlm_Bil21_Eu";"25/09/2026 16:58:19";1100,2;1;46290707163,3681
"Tlm_Dos8_Eu";"25/09/2026 16:58:19";1599,4;1;46290707163,3681
"HMI<->PLC_Real{0}";"25/09/2026 16:58:19";1247;1;46290707163,3681
"Tlm_Bil21_Eu";"25/09/2026 16:58:20";1107,7;1;46290707174,9769
"Tlm_Dos8_Eu";"25/09/2026 16:58:20";1722,2;1;46290707174,9769
"HMI<->PLC_Real{0}";"25/09/2026 16:58:20";1247;1;46290707174,9769
"Tlm_Bil21_Eu";"25/09/2026 16:58:21";1117,5;1;46290707186,5972
"Tlm_Dos8_Eu";"25/09/2026 16:58:21";1697,6;1;46290707186,5972
"HMI<->PLC_Real{0}";"25/09/2026 16:58:21";1247;1;46290707186,5972
"Tlm_Bil21_Eu";"25/09/2026 16:58:22";1129,3;1;46290707198,206
"Tlm_Dos8_Eu";"25/09/2026 16:58:22";1582,5;1;46290707198,206
"HMI<->PLC_Real{0}";"25/09/2026 16:58:22";1247;1;46290707198,206
"Tlm_Bil21_Eu";"25/09/2026 16:58:23";1149,6;1;46290707209,8264
"Tlm_Dos8_Eu";"25/09/2026 16:58:23";1485,3;1;46290707209,8264
"HMI<->PLC_Real{0}";"25/09/2026 16:58:23";1247;1;46290707209,8264
"Tlm_Bil21_Eu";"25/09/2026 16:58:24";1168,5;1;46290707221,4468
"Tlm_Dos8_Eu";"25/09/2026 16:58:24";1504,6;1;46290707221,4468
"HMI<->PLC_Real{0}";"25/09/2026 16:58:24";1247;1;46290707221,4468
"Tlm_Bil21_Eu";"25/09/2026 16:58:25";1190,4;1;46290707233,0556
"Tlm_Dos8_Eu";"25/09/2026 16:58:25";1591,9;1;46290707233,0556
"HMI<->PLC_Real{0}";"25/09/2026 16:58:25";1247;1;46290707233,0556
"Tlm_Bil21_Eu";"25/09/2026 16:58:26";1200,4;1;46290707244,6644
"Tlm_Dos8_Eu";"25/09/2026 16:58:26";1572,4;1;46290707244,6644
"HMI<->PLC_Real{0}";"25/09/2026 16:58:26";1247;1;46290707244,6644
"Tlm_Bil21_Eu";"25/09/2026 16:58:27";1212,1;1;46290707256,2847
"Tlm_Dos8_Eu";"25/09/2026 16:58:27";1564,2;1;46290707256,2847
"HMI<->PLC_Real{0}";"25/09/2026 16:58:27";1247;1;46290707256,2847
"Tlm_Bil21_Eu";"25/09/2026 16:58:28";1234,9;1;46290707267,8935
"Tlm_Dos8_Eu";"25/09/2026 16:58:28";1542,1;1;46290707267,8935
"HMI<->PLC_Real{0}";"25/09/2026 16:58:28";1247;1;46290707267,8935
"Tlm_Bil21_Eu";"25/09/2026 16:58:29";1243,3;1;46290707279,5139
"Tlm_Dos8_Eu";"25/09/2026 16:58:29";1526,7;1;46290707279,5139
"HMI<->PLC_Real{0}";"25/09/2026 16:58:29";1247;1;46290707279,5139
"Tlm_Bil21_Eu";"25/09/2026 16:58:30";1247,4;1;46290707291,1343
"Tlm_Dos8_Eu";"25/09/2026 16:58:30";1527,9;1;46290707291,1343
"HMI<->PLC_Real{0}";"25/09/2026 16:58:30";1247;1;46290707291,1343
"Bil21_Wrk_DosaggioInCorso";"25/09/2026 16:58:31";0;1;46290707297,4653
"Tlm_Bil21_Eu";"25/09/2026 16:59:07";-0,2;1;46290707718,588
"Tlm_Dos8_Eu";"25/09/2026 16:59:07";2839,4;1;46290707718,588
"HMI<->PLC_Real{0}";"25/09/2026 16:59:07";1247;1;46290707718,588
"Tlm_Bil21_Eu";"25/09/2026 16:59:08";3,8;1;46290707730,9606
"Tlm_Dos8_Eu";"25/09/2026 16:59:08";2795,8;1;46290707730,9606
"HMI<->PLC_Real{0}";"25/09/2026 16:59:08";1247;1;46290707730,9606
"Tlm_Bil21_Eu";"25/09/2026 16:59:09";31,9;1;46290707743,3565
"Tlm_Dos8_Eu";"25/09/2026 16:59:09";2717,2;1;46290707743,3565
"HMI<->PLC_Real{0}";"25/09/2026 16:59:09";1247;1;46290707743,3565
"Tlm_Bil21_Eu";"25/09/2026 16:59:10";72,7;1;46290707755,6944
"Tlm_Dos8_Eu";"25/09/2026 16:59:10";2606;1;46290707755,6944
"HMI<->PLC_Real{0}";"25/09/2026 16:59:10";1247;1;46290707755,6944
"Tlm_Bil21_Eu";"25/09/2026 16:59:11";102;1;46290707768,0324
"Tlm_Dos8_Eu";"25/09/2026 16:59:11";2646,8;1;46290707768,0324
"HMI<->PLC_Real{0}";"25/09/2026 16:59:11";1247;1;46290707768,0324
"Tlm_Bil21_Eu";"25/09/2026 16:59:12";162;1;46290707780,3472
"Tlm_Dos8_Eu";"25/09/2026 16:59:12";2650,4;1;46290707780,3472
"HMI<->PLC_Real{0}";"25/09/2026 16:59:12";1247;1;46290707780,3472
"Tlm_Bil21_Eu";"25/09/2026 16:59:13";204,7;1;46290707792,6389
"Tlm_Dos8_Eu";"25/09/2026 16:59:13";2539,7;1;46290707792,6389
"HMI<->PLC_Real{0}";"25/09/2026 16:59:13";1247;1;46290707792,6389
"Tlm_Bil21_Eu";"25/09/2026 16:59:14";247;1;46290707804,9769
"Tlm_Dos8_Eu";"25/09/2026 16:59:14";2523,9;1;46290707804,9769
"HMI<->PLC_Real{0}";"25/09/2026 16:59:14";1247;1;46290707804,9769
"Tlm_Bil21_Eu";"25/09/2026 16:59:15";284,4;1;46290707817,3032
"Tlm_Dos8_Eu";"25/09/2026 16:59:15";2379,3;1;46290707817,3032
"HMI<->PLC_Real{0}";"25/09/2026 16:59:15";1247;1;46290707817,3032
"Tlm_Bil21_Eu";"25/09/2026 16:59:16";343,1;1;46290707829,5949
"Tlm_Dos8_Eu";"25/09/2026 16:59:16";2287,9;1;46290707829,5949
"HMI<->PLC_Real{0}";"25/09/2026 16:59:16";1247;1;46290707829,5949
"Tlm_Bil21_Eu";"25/09/2026 16:59:18";432,7;1;46290707841,4815
"Tlm_Dos8_Eu";"25/09/2026 16:59:18";2272,8;1;46290707841,4815
"HMI<->PLC_Real{0}";"25/09/2026 16:59:18";1247;1;46290707841,4815
"Tlm_Bil21_Eu";"25/09/2026 16:59:19";432,7;1;46290707853,125
"Tlm_Dos8_Eu";"25/09/2026 16:59:19";2272,8;1;46290707853,125
"HMI<->PLC_Real{0}";"25/09/2026 16:59:19";1247;1;46290707853,125
"Tlm_Bil21_Eu";"25/09/2026 16:59:20";516,8;1;46290707864,7569
"Tlm_Dos8_Eu";"25/09/2026 16:59:20";2173;1;46290707864,7569
"HMI<->PLC_Real{0}";"25/09/2026 16:59:20";1247;1;46290707864,7569
"Tlm_Bil21_Eu";"25/09/2026 16:59:21";561,9;1;46290707876,3657
"Tlm_Dos8_Eu";"25/09/2026 16:59:21";2153,3;1;46290707876,3657
"HMI<->PLC_Real{0}";"25/09/2026 16:59:21";1247;1;46290707876,3657
"Tlm_Bil21_Eu";"25/09/2026 16:59:22";594,3;1;46290707887,9977
"Tlm_Dos8_Eu";"25/09/2026 16:59:22";2142,4;1;46290707887,9977
"HMI<->PLC_Real{0}";"25/09/2026 16:59:22";1247;1;46290707887,9977
"Tlm_Bil21_Eu";"25/09/2026 16:59:23";638,3;1;46290707899,6181
"Tlm_Dos8_Eu";"25/09/2026 16:59:23";2004,7;1;46290707899,6181
"HMI<->PLC_Real{0}";"25/09/2026 16:59:23";1247;1;46290707899,6181
"Tlm_Bil21_Eu";"25/09/2026 16:59:24";638,3;1;46290707911,2616
"Tlm_Dos8_Eu";"25/09/2026 16:59:24";2004,7;1;46290707911,2616
"HMI<->PLC_Real{0}";"25/09/2026 16:59:24";1247;1;46290707911,2616
"Tlm_Bil21_Eu";"25/09/2026 16:59:25";711,4;1;46290707922,8935
"Tlm_Dos8_Eu";"25/09/2026 16:59:25";2134,9;1;46290707922,8935
"HMI<->PLC_Real{0}";"25/09/2026 16:59:25";1247;1;46290707922,8935
"Tlm_Bil21_Eu";"25/09/2026 16:59:26";746,4;1;46290707934,5255
"Tlm_Dos8_Eu";"25/09/2026 16:59:26";2050,7;1;46290707934,5255
"HMI<->PLC_Real{0}";"25/09/2026 16:59:26";1247;1;46290707934,5255
"Tlm_Bil21_Eu";"25/09/2026 16:59:27";783,5;1;46290707946,1458
"Tlm_Dos8_Eu";"25/09/2026 16:59:27";1899,1;1;46290707946,1458
"HMI<->PLC_Real{0}";"25/09/2026 16:59:27";1247;1;46290707946,1458
"Tlm_Bil21_Eu";"25/09/2026 16:59:28";818,5;1;46290707957,7778
"Tlm_Dos8_Eu";"25/09/2026 16:59:28";1868,5;1;46290707957,7778
"HMI<->PLC_Real{0}";"25/09/2026 16:59:28";1247;1;46290707957,7778
"Tlm_Bil21_Eu";"25/09/2026 16:59:29";844,6;1;46290707969,4097
"Tlm_Dos8_Eu";"25/09/2026 16:59:29";1746,8;1;46290707969,4097
"HMI<->PLC_Real{0}";"25/09/2026 16:59:29";1247;1;46290707969,4097
"Tlm_Bil21_Eu";"25/09/2026 16:59:30";869,1;1;46290707981,0417
"Tlm_Dos8_Eu";"25/09/2026 16:59:30";1777,8;1;46290707981,0417
"HMI<->PLC_Real{0}";"25/09/2026 16:59:30";1247;1;46290707981,0417
"Tlm_Bil21_Eu";"25/09/2026 16:59:31";903,7;1;46290707992,6736
"Tlm_Dos8_Eu";"25/09/2026 16:59:31";1802,7;1;46290707992,6736
"HMI<->PLC_Real{0}";"25/09/2026 16:59:31";1247;1;46290707992,6736
"Tlm_Bil21_Eu";"25/09/2026 16:59:32";939,3;1;46290708004,3056
"Tlm_Dos8_Eu";"25/09/2026 16:59:32";1852,1;1;46290708004,3056
"HMI<->PLC_Real{0}";"25/09/2026 16:59:32";1247;1;46290708004,3056
"Tlm_Bil21_Eu";"25/09/2026 16:59:33";985,5;1;46290708015,9491
"Tlm_Dos8_Eu";"25/09/2026 16:59:33";1843,3;1;46290708015,9491
"HMI<->PLC_Real{0}";"25/09/2026 16:59:33";1247;1;46290708015,9491
"Tlm_Bil21_Eu";"25/09/2026 16:59:34";1014,1;1;46290708027,581
"Tlm_Dos8_Eu";"25/09/2026 16:59:34";1739,9;1;46290708027,581
"HMI<->PLC_Real{0}";"25/09/2026 16:59:34";1247;1;46290708027,581
"Tlm_Bil21_Eu";"25/09/2026 16:59:35";1056,1;1;46290708039,3171
"Tlm_Dos8_Eu";"25/09/2026 16:59:35";1666,1;1;46290708039,3171
"HMI<->PLC_Real{0}";"25/09/2026 16:59:35";1247;1;46290708039,3171
"Tlm_Bil21_Eu";"25/09/2026 16:59:36";1096,8;1;46290708052,1875
"Tlm_Dos8_Eu";"25/09/2026 16:59:36";1501,9;1;46290708052,1875
"HMI<->PLC_Real{0}";"25/09/2026 16:59:36";1247;1;46290708052,1875
"Tlm_Bil21_Eu";"25/09/2026 16:59:37";1132,2;1;46290708063,7963
"Tlm_Dos8_Eu";"25/09/2026 16:59:37";1629,5;1;46290708063,7963
"HMI<->PLC_Real{0}";"25/09/2026 16:59:37";1247;1;46290708063,7963
"Tlm_Bil21_Eu";"25/09/2026 16:59:38";1162,9;1;46290708075,4282
"Tlm_Dos8_Eu";"25/09/2026 16:59:38";1683,5;1;46290708075,4282
"HMI<->PLC_Real{0}";"25/09/2026 16:59:38";1247;1;46290708075,4282
"Tlm_Bil21_Eu";"25/09/2026 16:59:39";1185,5;1;46290708087,0602
"Tlm_Dos8_Eu";"25/09/2026 16:59:39";1668,9;1;46290708087,0602
"HMI<->PLC_Real{0}";"25/09/2026 16:59:39";1247;1;46290708087,0602
"Tlm_Bil21_Eu";"25/09/2026 16:59:40";1203,1;1;46290708098,6806
"Tlm_Dos8_Eu";"25/09/2026 16:59:40";1579,7;1;46290708098,6806
"HMI<->PLC_Real{0}";"25/09/2026 16:59:40";1247;1;46290708098,6806
"Tlm_Bil21_Eu";"25/09/2026 16:59:41";1206,8;1;46290708110,3009
"Tlm_Dos8_Eu";"25/09/2026 16:59:41";1569,2;1;46290708110,3009
"HMI<->PLC_Real{0}";"25/09/2026 16:59:41";1247;1;46290708110,3009
"Tlm_Bil21_Eu";"25/09/2026 16:59:42";1220,2;1;46290708121,9213
"Tlm_Dos8_Eu";"25/09/2026 16:59:42";1555,6;1;46290708121,9213
"HMI<->PLC_Real{0}";"25/09/2026 16:59:42";1247;1;46290708121,9213
"Tlm_Bil21_Eu";"25/09/2026 16:59:43";1225,2;1;46290708133,5301
"Tlm_Dos8_Eu";"25/09/2026 16:59:43";1549,2;1;46290708133,5301
"HMI<->PLC_Real{0}";"25/09/2026 16:59:43";1247;1;46290708133,5301
"Tlm_Bil21_Eu";"25/09/2026 16:59:44";1243,8;1;46290708145,1389
"Tlm_Dos8_Eu";"25/09/2026 16:59:44";1578;1;46290708145,1389
"HMI<->PLC_Real{0}";"25/09/2026 16:59:44";1247;1;46290708145,1389
"Tlm_Bil21_Eu";"25/09/2026 16:59:45";1244,8;1;46290708156,7477
"Tlm_Dos8_Eu";"25/09/2026 16:59:45";1531;1;46290708156,7477
"HMI<->PLC_Real{0}";"25/09/2026 16:59:45";1247;1;46290708156,7477
"Bil21_Wrk_DosaggioInCorso";"25/09/2026 16:59:46";0;1;46290708165,5556
"Tlm_Bil21_Eu";"25/09/2026 17:00:42";0,1;1;46290708821,2037
"Tlm_Dos8_Eu";"25/09/2026 17:00:42";2830,6;1;46290708821,2037
"HMI<->PLC_Real{0}";"25/09/2026 17:00:42";1247;1;46290708821,2037
"Tlm_Bil21_Eu";"25/09/2026 17:00:43";18,7;1;46290708832,8356
"Tlm_Dos8_Eu";"25/09/2026 17:00:43";2680,4;1;46290708832,8356
"HMI<->PLC_Real{0}";"25/09/2026 17:00:43";1247;1;46290708832,8356
"Tlm_Bil21_Eu";"25/09/2026 17:00:44";69;1;46290708844,456
"Tlm_Dos8_Eu";"25/09/2026 17:00:44";2662,2;1;46290708844,456
"HMI<->PLC_Real{0}";"25/09/2026 17:00:44";1247;1;46290708844,456
"Tlm_Bil21_Eu";"25/09/2026 17:00:45";115;1;46290708856,3426
"Tlm_Dos8_Eu";"25/09/2026 17:00:45";2677;1;46290708856,3426
"HMI<->PLC_Real{0}";"25/09/2026 17:00:45";1247;1;46290708856,3426
"Tlm_Bil21_Eu";"25/09/2026 17:00:46";155,6;1;46290708868,7037
"Tlm_Dos8_Eu";"25/09/2026 17:00:46";2641,2;1;46290708868,7037
"HMI<->PLC_Real{0}";"25/09/2026 17:00:46";1247;1;46290708868,7037
"Tlm_Bil21_Eu";"25/09/2026 17:00:47";193;1;46290708881,0185
"Tlm_Dos8_Eu";"25/09/2026 17:00:47";2587,5;1;46290708881,0185
"HMI<->PLC_Real{0}";"25/09/2026 17:00:47";1247;1;46290708881,0185
"Tlm_Bil21_Eu";"25/09/2026 17:00:48";221,2;1;46290708893,3912
"Tlm_Dos8_Eu";"25/09/2026 17:00:48";2533,7;1;46290708893,3912
"HMI<->PLC_Real{0}";"25/09/2026 17:00:48";1247;1;46290708893,3912
"Tlm_Bil21_Eu";"25/09/2026 17:00:49";251,5;1;46290708905,7755
"Tlm_Dos8_Eu";"25/09/2026 17:00:49";2489,1;1;46290708905,7755
"HMI<->PLC_Real{0}";"25/09/2026 17:00:49";1247;1;46290708905,7755
"Tlm_Bil21_Eu";"25/09/2026 17:00:51";327,1;1;46290708918,1481
"Tlm_Dos8_Eu";"25/09/2026 17:00:51";2367,8;1;46290708918,1481
"HMI<->PLC_Real{0}";"25/09/2026 17:00:51";1247;1;46290708918,1481
"Tlm_Bil21_Eu";"25/09/2026 17:00:52";362,3;1;46290708930,5556
"Tlm_Dos8_Eu";"25/09/2026 17:00:52";2338,5;1;46290708930,5556
"HMI<->PLC_Real{0}";"25/09/2026 17:00:52";1247;1;46290708930,5556
"Tlm_Bil21_Eu";"25/09/2026 17:00:53";398,6;1;46290708942,9398
"Tlm_Dos8_Eu";"25/09/2026 17:00:53";2293,9;1;46290708942,9398
"HMI<->PLC_Real{0}";"25/09/2026 17:00:53";1247;1;46290708942,9398
"Tlm_Bil21_Eu";"25/09/2026 17:00:54";438,8;1;46290708955,3356
"Tlm_Dos8_Eu";"25/09/2026 17:00:54";2247,2;1;46290708955,3356
"HMI<->PLC_Real{0}";"25/09/2026 17:00:54";1247;1;46290708955,3356
"Tlm_Bil21_Eu";"25/09/2026 17:00:55";471,6;1;46290708967,7315
"Tlm_Dos8_Eu";"25/09/2026 17:00:55";2151;1;46290708967,7315
"HMI<->PLC_Real{0}";"25/09/2026 17:00:55";1247;1;46290708967,7315
"Tlm_Bil21_Eu";"25/09/2026 17:00:56";512,5;1;46290708980,162
"Tlm_Dos8_Eu";"25/09/2026 17:00:56";2160,9;1;46290708980,162
"HMI<->PLC_Real{0}";"25/09/2026 17:00:56";1247;1;46290708980,162
"Tlm_Bil21_Eu";"25/09/2026 17:00:57";546;1;46290708992,581
"Tlm_Dos8_Eu";"25/09/2026 17:00:57";2120,6;1;46290708992,581
"HMI<->PLC_Real{0}";"25/09/2026 17:00:57";1247;1;46290708992,581
"Tlm_Bil21_Eu";"25/09/2026 17:00:58";572,8;1;46290709004,9421
"Tlm_Dos8_Eu";"25/09/2026 17:00:58";1953,6;1;46290709004,9421
"HMI<->PLC_Real{0}";"25/09/2026 17:00:58";1247;1;46290709004,9421
"Tlm_Bil21_Eu";"25/09/2026 17:00:59";600,2;1;46290709017,3032
"Tlm_Dos8_Eu";"25/09/2026 17:00:59";2174,7;1;46290709017,3032
"HMI<->PLC_Real{0}";"25/09/2026 17:00:59";1247;1;46290709017,3032
"Tlm_Bil21_Eu";"25/09/2026 17:01:00";638,7;1;46290709029,6644
"Tlm_Dos8_Eu";"25/09/2026 17:01:00";1840,4;1;46290709029,6644
"HMI<->PLC_Real{0}";"25/09/2026 17:01:00";1247;1;46290709029,6644
"Tlm_Bil21_Eu";"25/09/2026 17:01:01";685,7;1;46290709042,0023
"Tlm_Dos8_Eu";"25/09/2026 17:01:01";2007,8;1;46290709042,0023
"HMI<->PLC_Real{0}";"25/09/2026 17:01:01";1247;1;46290709042,0023
"Tlm_Bil21_Eu";"25/09/2026 17:01:02";727,3;1;46290709054,2477
"Tlm_Dos8_Eu";"25/09/2026 17:01:02";1958,3;1;46290709054,2477
"HMI<->PLC_Real{0}";"25/09/2026 17:01:02";1247;1;46290709054,2477
"Tlm_Bil21_Eu";"25/09/2026 17:01:03";767;1;46290709066,4815
"Tlm_Dos8_Eu";"25/09/2026 17:01:03";1898,3;1;46290709066,4815
"HMI<->PLC_Real{0}";"25/09/2026 17:01:03";1247;1;46290709066,4815
"Tlm_Bil21_Eu";"25/09/2026 17:01:04";804,3;1;46290709078,669
"Tlm_Dos8_Eu";"25/09/2026 17:01:04";1762,7;1;46290709078,669
"HMI<->PLC_Real{0}";"25/09/2026 17:01:04";1247;1;46290709078,669
"Tlm_Bil21_Eu";"25/09/2026 17:01:05";828,3;1;46290709090,9259
"Tlm_Dos8_Eu";"25/09/2026 17:01:05";1976,6;1;46290709090,9259
"HMI<->PLC_Real{0}";"25/09/2026 17:01:05";1247;1;46290709090,9259
"Tlm_Bil21_Eu";"25/09/2026 17:01:07";914;1;46290709103,2755
"Tlm_Dos8_Eu";"25/09/2026 17:01:07";1986;1;46290709103,2755
"HMI<->PLC_Real{0}";"25/09/2026 17:01:07";1247;1;46290709103,2755
"Tlm_Bil21_Eu";"25/09/2026 17:01:08";960,7;1;46290709115,6019
"Tlm_Dos8_Eu";"25/09/2026 17:01:08";1752,9;1;46290709115,6019
"HMI<->PLC_Real{0}";"25/09/2026 17:01:08";1247;1;46290709115,6019
"Tlm_Bil21_Eu";"25/09/2026 17:01:09";1029,3;1;46290709127,9514
"Tlm_Dos8_Eu";"25/09/2026 17:01:09";1598,5;1;46290709127,9514
"HMI<->PLC_Real{0}";"25/09/2026 17:01:09";1247;1;46290709127,9514
"Tlm_Bil21_Eu";"25/09/2026 17:01:10";1069,8;1;46290709140,3472
"Tlm_Dos8_Eu";"25/09/2026 17:01:10";1530,2;1;46290709140,3472
"HMI<->PLC_Real{0}";"25/09/2026 17:01:10";1247;1;46290709140,3472
"Tlm_Bil21_Eu";"25/09/2026 17:01:11";1124;1;46290709152,7431
"Tlm_Dos8_Eu";"25/09/2026 17:01:11";1620,3;1;46290709152,7431
"HMI<->PLC_Real{0}";"25/09/2026 17:01:11";1247;1;46290709152,7431
"Tlm_Bil21_Eu";"25/09/2026 17:01:12";1146,1;1;46290709165,1042
"Tlm_Dos8_Eu";"25/09/2026 17:01:12";1681,9;1;46290709165,1042
"HMI<->PLC_Real{0}";"25/09/2026 17:01:12";1247;1;46290709165,1042
"Tlm_Bil21_Eu";"25/09/2026 17:01:13";1175,5;1;46290709177,5463
"Tlm_Dos8_Eu";"25/09/2026 17:01:13";1525,3;1;46290709177,5463
"HMI<->PLC_Real{0}";"25/09/2026 17:01:13";1247;1;46290709177,5463
"Tlm_Bil21_Eu";"25/09/2026 17:01:14";1182,1;1;46290709189,8727
"Tlm_Dos8_Eu";"25/09/2026 17:01:14";1593;1;46290709189,8727
"HMI<->PLC_Real{0}";"25/09/2026 17:01:14";1247;1;46290709189,8727
"Tlm_Bil21_Eu";"25/09/2026 17:01:15";1184,7;1;46290709202,1991
"Tlm_Dos8_Eu";"25/09/2026 17:01:15";1593,1;1;46290709202,1991
"HMI<->PLC_Real{0}";"25/09/2026 17:01:15";1247;1;46290709202,1991
"Tlm_Bil21_Eu";"25/09/2026 17:01:16";1195,5;1;46290709214,5486
"Tlm_Dos8_Eu";"25/09/2026 17:01:16";1580,9;1;46290709214,5486
"HMI<->PLC_Real{0}";"25/09/2026 17:01:16";1247;1;46290709214,5486
"Tlm_Bil21_Eu";"25/09/2026 17:01:17";1201,4;1;46290709226,956
"Tlm_Dos8_Eu";"25/09/2026 17:01:17";1575;1;46290709226,956
"HMI<->PLC_Real{0}";"25/09/2026 17:01:17";1247;1;46290709226,956
"Tlm_Bil21_Eu";"25/09/2026 17:01:18";1215,2;1;46290709239,2593
"Tlm_Dos8_Eu";"25/09/2026 17:01:18";1555,8;1;46290709239,2593
"HMI<->PLC_Real{0}";"25/09/2026 17:01:18";1247;1;46290709239,2593
"Tlm_Bil21_Eu";"25/09/2026 17:01:19";1243,1;1;46290709251,5856
"Tlm_Dos8_Eu";"25/09/2026 17:01:19";1556,6;1;46290709251,5856
"HMI<->PLC_Real{0}";"25/09/2026 17:01:19";1247;1;46290709251,5856
"Tlm_Bil21_Eu";"25/09/2026 17:01:20";1242,5;1;46290709263,9699
"Tlm_Dos8_Eu";"25/09/2026 17:01:20";1538,1;1;46290709263,9699
"HMI<->PLC_Real{0}";"25/09/2026 17:01:20";1247;1;46290709263,9699
"Bil21_Wrk_DosaggioInCorso";"25/09/2026 17:01:21";0;1;46290709265,1389
"Tlm_Bil21_Eu";"25/09/2026 17:02:08";-0,4;1;46290709811,6782
"Tlm_Dos8_Eu";"25/09/2026 17:02:08";2746,5;1;46290709811,6782
"HMI<->PLC_Real{0}";"25/09/2026 17:02:08";1247;1;46290709811,6782
"Tlm_Bil21_Eu";"25/09/2026 17:02:09";8,3;1;46290709823,2986
"Tlm_Dos8_Eu";"25/09/2026 17:02:09";2852;1;46290709823,2986
"HMI<->PLC_Real{0}";"25/09/2026 17:02:09";1247;1;46290709823,2986
"Tlm_Bil21_Eu";"25/09/2026 17:02:10";65,9;1;46290709834,9074
"Tlm_Dos8_Eu";"25/09/2026 17:02:10";2672;1;46290709834,9074
"HMI<->PLC_Real{0}";"25/09/2026 17:02:10";1247;1;46290709834,9074
"Tlm_Bil21_Eu";"25/09/2026 17:02:11";99,4;1;46290709846,5162
"Tlm_Dos8_Eu";"25/09/2026 17:02:11";2691,1;1;46290709846,5162
"HMI<->PLC_Real{0}";"25/09/2026 17:02:11";1247;1;46290709846,5162
"Tlm_Bil21_Eu";"25/09/2026 17:02:12";145,4;1;46290709858,125
"Tlm_Dos8_Eu";"25/09/2026 17:02:12";2569,9;1;46290709858,125
"HMI<->PLC_Real{0}";"25/09/2026 17:02:12";1247;1;46290709858,125
"Tlm_Bil21_Eu";"25/09/2026 17:02:13";194,9;1;46290709869,7454
"Tlm_Dos8_Eu";"25/09/2026 17:02:13";2485,9;1;46290709869,7454
"HMI<->PLC_Real{0}";"25/09/2026 17:02:13";1247;1;46290709869,7454
"Tlm_Bil21_Eu";"25/09/2026 17:02:14";238,7;1;46290709881,3657
"Tlm_Dos8_Eu";"25/09/2026 17:02:14";2400,5;1;46290709881,3657
"HMI<->PLC_Real{0}";"25/09/2026 17:02:14";1247;1;46290709881,3657
"Tlm_Bil21_Eu";"25/09/2026 17:02:15";285,4;1;46290709892,9977
"Tlm_Dos8_Eu";"25/09/2026 17:02:15";2333,2;1;46290709892,9977
"HMI<->PLC_Real{0}";"25/09/2026 17:02:15";1247;1;46290709892,9977
"Tlm_Bil21_Eu";"25/09/2026 17:02:16";321,8;1;46290709904,5949
"Tlm_Dos8_Eu";"25/09/2026 17:02:16";2355,5;1;46290709904,5949
"HMI<->PLC_Real{0}";"25/09/2026 17:02:16";1247;1;46290709904,5949
"Tlm_Bil21_Eu";"25/09/2026 17:02:17";357,7;1;46290709916,2037
"Tlm_Dos8_Eu";"25/09/2026 17:02:17";2476,7;1;46290709916,2037
"HMI<->PLC_Real{0}";"25/09/2026 17:02:17";1247;1;46290709916,2037
"Tlm_Bil21_Eu";"25/09/2026 17:02:18";392;1;46290709927,8241
"Tlm_Dos8_Eu";"25/09/2026 17:02:18";2276,9;1;46290709927,8241
"HMI<->PLC_Real{0}";"25/09/2026 17:02:18";1247;1;46290709927,8241
"Tlm_Bil21_Eu";"25/09/2026 17:02:19";431,8;1;46290709939,4444
"Tlm_Dos8_Eu";"25/09/2026 17:02:19";2075,8;1;46290709939,4444
"HMI<->PLC_Real{0}";"25/09/2026 17:02:19";1247;1;46290709939,4444
"Tlm_Bil21_Eu";"25/09/2026 17:02:20";475,8;1;46290709951,0532
"Tlm_Dos8_Eu";"25/09/2026 17:02:20";2116,9;1;46290709951,0532
"HMI<->PLC_Real{0}";"25/09/2026 17:02:20";1247;1;46290709951,0532
"Tlm_Bil21_Eu";"25/09/2026 17:02:21";522,1;1;46290709962,6736
"Tlm_Dos8_Eu";"25/09/2026 17:02:21";2126;1;46290709962,6736
"HMI<->PLC_Real{0}";"25/09/2026 17:02:21";1247;1;46290709962,6736
"Tlm_Bil21_Eu";"25/09/2026 17:02:22";554,3;1;46290709974,2708
"Tlm_Dos8_Eu";"25/09/2026 17:02:22";2049,2;1;46290709974,2708
"HMI<->PLC_Real{0}";"25/09/2026 17:02:22";1247;1;46290709974,2708
"Tlm_Bil21_Eu";"25/09/2026 17:02:23";570,7;1;46290709985,8912
"Tlm_Dos8_Eu";"25/09/2026 17:02:23";1990,9;1;46290709985,8912
"HMI<->PLC_Real{0}";"25/09/2026 17:02:23";1247;1;46290709985,8912
"Tlm_Bil21_Eu";"25/09/2026 17:02:24";598,7;1;46290709997,5116
"Tlm_Dos8_Eu";"25/09/2026 17:02:24";1957;1;46290709997,5116
"HMI<->PLC_Real{0}";"25/09/2026 17:02:24";1247;1;46290709997,5116
"Tlm_Bil21_Eu";"25/09/2026 17:02:25";623;1;46290710009,1319
"Tlm_Dos8_Eu";"25/09/2026 17:02:25";2065,8;1;46290710009,1319
"HMI<->PLC_Real{0}";"25/09/2026 17:02:25";1247;1;46290710009,1319
"Tlm_Bil21_Eu";"25/09/2026 17:02:26";650,6;1;46290710020,7292
"Tlm_Dos8_Eu";"25/09/2026 17:02:26";2126,9;1;46290710020,7292
"HMI<->PLC_Real{0}";"25/09/2026 17:02:26";1247;1;46290710020,7292
"Tlm_Bil21_Eu";"25/09/2026 17:02:27";676,6;1;46290710032,3495
"Tlm_Dos8_Eu";"25/09/2026 17:02:27";2112,3;1;46290710032,3495
"HMI<->PLC_Real{0}";"25/09/2026 17:02:27";1247;1;46290710032,3495
"Tlm_Bil21_Eu";"25/09/2026 17:02:28";711,6;1;46290710043,9815
"Tlm_Dos8_Eu";"25/09/2026 17:02:28";1977,3;1;46290710043,9815
"HMI<->PLC_Real{0}";"25/09/2026 17:02:28";1247;1;46290710043,9815
"Tlm_Bil21_Eu";"25/09/2026 17:02:29";751,1;1;46290710055,6019
"Tlm_Dos8_Eu";"25/09/2026 17:02:29";1770,4;1;46290710055,6019
"HMI<->PLC_Real{0}";"25/09/2026 17:02:29";1247;1;46290710055,6019
"Tlm_Bil21_Eu";"25/09/2026 17:02:30";795,9;1;46290710067,2106
"Tlm_Dos8_Eu";"25/09/2026 17:02:30";1767,6;1;46290710067,2106
"HMI<->PLC_Real{0}";"25/09/2026 17:02:30";1247;1;46290710067,2106
"Tlm_Bil21_Eu";"25/09/2026 17:02:31";833,3;1;46290710078,8426
"Tlm_Dos8_Eu";"25/09/2026 17:02:31";1847;1;46290710078,8426
"HMI<->PLC_Real{0}";"25/09/2026 17:02:31";1247;1;46290710078,8426
"Tlm_Bil21_Eu";"25/09/2026 17:02:32";868,1;1;46290710090,4398
"Tlm_Dos8_Eu";"25/09/2026 17:02:32";1737,4;1;46290710090,4398
"HMI<->PLC_Real{0}";"25/09/2026 17:02:32";1247;1;46290710090,4398
"Tlm_Bil21_Eu";"25/09/2026 17:02:33";906,2;1;46290710102,0718
"Tlm_Dos8_Eu";"25/09/2026 17:02:33";1749,2;1;46290710102,0718
"HMI<->PLC_Real{0}";"25/09/2026 17:02:33";1247;1;46290710102,0718
"Tlm_Bil21_Eu";"25/09/2026 17:02:34";965,7;1;46290710113,6806
"Tlm_Dos8_Eu";"25/09/2026 17:02:34";1640,6;1;46290710113,6806
"HMI<->PLC_Real{0}";"25/09/2026 17:02:34";1247;1;46290710113,6806
"Tlm_Bil21_Eu";"25/09/2026 17:02:35";999,2;1;46290710125,3009
"Tlm_Dos8_Eu";"25/09/2026 17:02:35";1539,1;1;46290710125,3009
"HMI<->PLC_Real{0}";"25/09/2026 17:02:35";1247;1;46290710125,3009
"Tlm_Bil21_Eu";"25/09/2026 17:02:36";1049,8;1;46290710136,9097
"Tlm_Dos8_Eu";"25/09/2026 17:02:36";1574,2;1;46290710136,9097
"HMI<->PLC_Real{0}";"25/09/2026 17:02:36";1247;1;46290710136,9097
"Tlm_Bil21_Eu";"25/09/2026 17:02:37";1102,8;1;46290710148,5417
"Tlm_Dos8_Eu";"25/09/2026 17:02:37";1556,7;1;46290710148,5417
"HMI<->PLC_Real{0}";"25/09/2026 17:02:37";1247;1;46290710148,5417
"Tlm_Bil21_Eu";"25/09/2026 17:02:38";1126,6;1;46290710160,162
"Tlm_Dos8_Eu";"25/09/2026 17:02:38";1432,3;1;46290710160,162
"HMI<->PLC_Real{0}";"25/09/2026 17:02:38";1247;1;46290710160,162
"Tlm_Bil21_Eu";"25/09/2026 17:02:39";1154;1;46290710171,8056
"Tlm_Dos8_Eu";"25/09/2026 17:02:39";1505,4;1;46290710171,8056
"HMI<->PLC_Real{0}";"25/09/2026 17:02:39";1247;1;46290710171,8056
"Tlm_Bil21_Eu";"25/09/2026 17:02:40";1161,9;1;46290710183,4028
"Tlm_Dos8_Eu";"25/09/2026 17:02:40";1554,7;1;46290710183,4028
"HMI<->PLC_Real{0}";"25/09/2026 17:02:40";1247;1;46290710183,4028
"Tlm_Bil21_Eu";"25/09/2026 17:02:41";1181,2;1;46290710195
"Tlm_Dos8_Eu";"25/09/2026 17:02:41";1477,5;1;46290710195
"HMI<->PLC_Real{0}";"25/09/2026 17:02:41";1247;1;46290710195
"Tlm_Bil21_Eu";"25/09/2026 17:02:42";1197,1;1;46290710206,6204
"Tlm_Dos8_Eu";"25/09/2026 17:02:42";1460,4;1;46290710206,6204
"HMI<->PLC_Real{0}";"25/09/2026 17:02:42";1247;1;46290710206,6204
"Tlm_Bil21_Eu";"25/09/2026 17:02:43";1207,8;1;46290710218,2292
"Tlm_Dos8_Eu";"25/09/2026 17:02:43";1451,6;1;46290710218,2292
"HMI<->PLC_Real{0}";"25/09/2026 17:02:43";1247;1;46290710218,2292
"Tlm_Bil21_Eu";"25/09/2026 17:02:44";1229;1;46290710229,8611
"Tlm_Dos8_Eu";"25/09/2026 17:02:44";1429,7;1;46290710229,8611
"HMI<->PLC_Real{0}";"25/09/2026 17:02:44";1247;1;46290710229,8611
"Tlm_Bil21_Eu";"25/09/2026 17:02:45";1239,5;1;46290710241,4815
"Tlm_Dos8_Eu";"25/09/2026 17:02:45";1437,5;1;46290710241,4815
"HMI<->PLC_Real{0}";"25/09/2026 17:02:45";1247;1;46290710241,4815
"Tlm_Bil21_Eu";"25/09/2026 17:02:46";1248,1;1;46290710253,1134
"Tlm_Dos8_Eu";"25/09/2026 17:02:46";1414,2;1;46290710253,1134
"HMI<->PLC_Real{0}";"25/09/2026 17:02:46";1247;1;46290710253,1134
"Bil21_Wrk_DosaggioInCorso";"25/09/2026 17:02:47";0;1;46290710260,8102
"Tlm_Bil21_Eu";"25/09/2026 17:03:24";0,1;1;46290710694,5486
"Tlm_Dos8_Eu";"25/09/2026 17:03:24";2735,1;1;46290710694,5486
"HMI<->PLC_Real{0}";"25/09/2026 17:03:24";1247;1;46290710694,5486
"Tlm_Bil21_Eu";"25/09/2026 17:03:25";2,5;1;46290710706,169
"Tlm_Dos8_Eu";"25/09/2026 17:03:25";2723,3;1;46290710706,169
"HMI<->PLC_Real{0}";"25/09/2026 17:03:25";1247;1;46290710706,169
"Tlm_Bil21_Eu";"25/09/2026 17:03:26";32,3;1;46290710717,7778
"Tlm_Dos8_Eu";"25/09/2026 17:03:26";2517,6;1;46290710717,7778
"HMI<->PLC_Real{0}";"25/09/2026 17:03:26";1247;1;46290710717,7778
"Tlm_Bil21_Eu";"25/09/2026 17:03:27";77;1;46290710729,3982
"Tlm_Dos8_Eu";"25/09/2026 17:03:27";2676,8;1;46290710729,3982
"HMI<->PLC_Real{0}";"25/09/2026 17:03:27";1247;1;46290710729,3982
"Tlm_Bil21_Eu";"25/09/2026 17:03:28";102,7;1;46290710741,0069
"Tlm_Dos8_Eu";"25/09/2026 17:03:28";2520;1;46290710741,0069
"HMI<->PLC_Real{0}";"25/09/2026 17:03:28";1247;1;46290710741,0069
"Tlm_Bil21_Eu";"25/09/2026 17:03:29";140,8;1;46290710752,6273
"Tlm_Dos8_Eu";"25/09/2026 17:03:29";2516,4;1;46290710752,6273
"HMI<->PLC_Real{0}";"25/09/2026 17:03:29";1247;1;46290710752,6273
"Tlm_Bil21_Eu";"25/09/2026 17:03:30";170,7;1;46290710764,2708
"Tlm_Dos8_Eu";"25/09/2026 17:03:30";2460,9;1;46290710764,2708
"HMI<->PLC_Real{0}";"25/09/2026 17:03:30";1247;1;46290710764,2708
"Tlm_Bil21_Eu";"25/09/2026 17:03:31";203,3;1;46290710775,8796
"Tlm_Dos8_Eu";"25/09/2026 17:03:31";2411,3;1;46290710775,8796
"HMI<->PLC_Real{0}";"25/09/2026 17:03:31";1247;1;46290710775,8796
"Tlm_Bil21_Eu";"25/09/2026 17:03:32";236,2;1;46290710787,5116
"Tlm_Dos8_Eu";"25/09/2026 17:03:32";2409,2;1;46290710787,5116
"HMI<->PLC_Real{0}";"25/09/2026 17:03:32";1247;1;46290710787,5116
"Tlm_Bil21_Eu";"25/09/2026 17:03:33";282,8;1;46290710799,1204
"Tlm_Dos8_Eu";"25/09/2026 17:03:33";2388,7;1;46290710799,1204
"HMI<->PLC_Real{0}";"25/09/2026 17:03:33";1247;1;46290710799,1204
"Tlm_Bil21_Eu";"25/09/2026 17:03:34";310,4;1;46290710810,7639
"Tlm_Dos8_Eu";"25/09/2026 17:03:34";2305,8;1;46290710810,7639
"HMI<->PLC_Real{0}";"25/09/2026 17:03:34";1247;1;46290710810,7639
"Tlm_Bil21_Eu";"25/09/2026 17:03:35";373,3;1;46290710822,3843
"Tlm_Dos8_Eu";"25/09/2026 17:03:35";2276,8;1;46290710822,3843
"HMI<->PLC_Real{0}";"25/09/2026 17:03:35";1247;1;46290710822,3843
"Tlm_Bil21_Eu";"25/09/2026 17:03:36";407,9;1;46290710834,0162
"Tlm_Dos8_Eu";"25/09/2026 17:03:36";2325,7;1;46290710834,0162
"HMI<->PLC_Real{0}";"25/09/2026 17:03:36";1247;1;46290710834,0162
"Tlm_Bil21_Eu";"25/09/2026 17:03:37";439,1;1;46290710845,6366
"Tlm_Dos8_Eu";"25/09/2026 17:03:37";2329,3;1;46290710845,6366
"HMI<->PLC_Real{0}";"25/09/2026 17:03:37";1247;1;46290710845,6366
"Tlm_Bil21_Eu";"25/09/2026 17:03:38";481,4;1;46290710857,2338
"Tlm_Dos8_Eu";"25/09/2026 17:03:38";2220,2;1;46290710857,2338
"HMI<->PLC_Real{0}";"25/09/2026 17:03:38";1247;1;46290710857,2338
"Tlm_Bil21_Eu";"25/09/2026 17:03:39";525,7;1;46290710868,8426
"Tlm_Dos8_Eu";"25/09/2026 17:03:39";2087,3;1;46290710868,8426
"HMI<->PLC_Real{0}";"25/09/2026 17:03:39";1247;1;46290710868,8426
"Tlm_Bil21_Eu";"25/09/2026 17:03:40";577;1;46290710880,463
"Tlm_Dos8_Eu";"25/09/2026 17:03:40";2006,2;1;46290710880,463
"HMI<->PLC_Real{0}";"25/09/2026 17:03:40";1247;1;46290710880,463
"Tlm_Bil21_Eu";"25/09/2026 17:03:41";623,8;1;46290710892,0718
"Tlm_Dos8_Eu";"25/09/2026 17:03:41";2130,5;1;46290710892,0718
"HMI<->PLC_Real{0}";"25/09/2026 17:03:41";1247;1;46290710892,0718
"Tlm_Bil21_Eu";"25/09/2026 17:03:42";655,4;1;46290710903,6806
"Tlm_Dos8_Eu";"25/09/2026 17:03:42";1976,4;1;46290710903,6806
"HMI<->PLC_Real{0}";"25/09/2026 17:03:42";1247;1;46290710903,6806
"Tlm_Bil21_Eu";"25/09/2026 17:03:43";693,8;1;46290710915,3125
"Tlm_Dos8_Eu";"25/09/2026 17:03:43";2120,5;1;46290710915,3125
"HMI<->PLC_Real{0}";"25/09/2026 17:03:43";1247;1;46290710915,3125
"Tlm_Bil21_Eu";"25/09/2026 17:03:44";723,1;1;46290710926,9329
"Tlm_Dos8_Eu";"25/09/2026 17:03:44";1926,4;1;46290710926,9329
"HMI<->PLC_Real{0}";"25/09/2026 17:03:44";1247;1;46290710926,9329
"Tlm_Bil21_Eu";"25/09/2026 17:03:45";760,5;1;46290710938,5417
"Tlm_Dos8_Eu";"25/09/2026 17:03:45";1841,2;1;46290710938,5417
"HMI<->PLC_Real{0}";"25/09/2026 17:03:45";1247;1;46290710938,5417
"Tlm_Bil21_Eu";"25/09/2026 17:03:46";787,4;1;46290710950,1505
"Tlm_Dos8_Eu";"25/09/2026 17:03:46";1754,8;1;46290710950,1505
"HMI<->PLC_Real{0}";"25/09/2026 17:03:46";1247;1;46290710950,1505
"Tlm_Bil21_Eu";"25/09/2026 17:03:47";827,8;1;46290710961,7477
"Tlm_Dos8_Eu";"25/09/2026 17:03:47";1796,4;1;46290710961,7477
"HMI<->PLC_Real{0}";"25/09/2026 17:03:47";1247;1;46290710961,7477
"Tlm_Bil21_Eu";"25/09/2026 17:03:48";860,9;1;46290710973,3681
"Tlm_Dos8_Eu";"25/09/2026 17:03:48";1613,4;1;46290710973,3681
"HMI<->PLC_Real{0}";"25/09/2026 17:03:48";1247;1;46290710973,3681
"Tlm_Bil21_Eu";"25/09/2026 17:03:49";890,9;1;46290710984,9769
"Tlm_Dos8_Eu";"25/09/2026 17:03:49";1693;1;46290710984,9769
"HMI<->PLC_Real{0}";"25/09/2026 17:03:49";1247;1;46290710984,9769
"Tlm_Bil21_Eu";"25/09/2026 17:03:50";929,3;1;46290710996,5972
"Tlm_Dos8_Eu";"25/09/2026 17:03:50";1611,1;1;46290710996,5972
"HMI<->PLC_Real{0}";"25/09/2026 17:03:50";1247;1;46290710996,5972
"Tlm_Bil21_Eu";"25/09/2026 17:03:51";958,9;1;46290711008,206
"Tlm_Dos8_Eu";"25/09/2026 17:03:51";1561,6;1;46290711008,206
"HMI<->PLC_Real{0}";"25/09/2026 17:03:51";1247;1;46290711008,206
"Tlm_Bil21_Eu";"25/09/2026 17:03:52";991,6;1;46290711019,8264
"Tlm_Dos8_Eu";"25/09/2026 17:03:52";1699,5;1;46290711019,8264
"HMI<->PLC_Real{0}";"25/09/2026 17:03:52";1247;1;46290711019,8264
"Tlm_Bil21_Eu";"25/09/2026 17:03:53";1023;1;46290711031,4583
"Tlm_Dos8_Eu";"25/09/2026 17:03:53";1432;1;46290711031,4583
"HMI<->PLC_Real{0}";"25/09/2026 17:03:53";1247;1;46290711031,4583
"Tlm_Bil21_Eu";"25/09/2026 17:03:54";1055,9;1;46290711043,0787
"Tlm_Dos8_Eu";"25/09/2026 17:03:54";1515;1;46290711043,0787
"HMI<->PLC_Real{0}";"25/09/2026 17:03:54";1247;1;46290711043,0787
"Tlm_Bil21_Eu";"25/09/2026 17:03:55";1096;1;46290711054,6991
"Tlm_Dos8_Eu";"25/09/2026 17:03:55";1501,2;1;46290711054,6991
"HMI<->PLC_Real{0}";"25/09/2026 17:03:55";1247;1;46290711054,6991
"Tlm_Bil21_Eu";"25/09/2026 17:03:56";1133;1;46290711066,3195
"Tlm_Dos8_Eu";"25/09/2026 17:03:56";1577,4;1;46290711066,3195
"HMI<->PLC_Real{0}";"25/09/2026 17:03:56";1247;1;46290711066,3195
"Tlm_Bil21_Eu";"25/09/2026 17:03:57";1167,9;1;46290711077,9398
"Tlm_Dos8_Eu";"25/09/2026 17:03:57";1397,7;1;46290711077,9398
"HMI<->PLC_Real{0}";"25/09/2026 17:03:57";1247;1;46290711077,9398
"Tlm_Bil21_Eu";"25/09/2026 17:03:58";1179,9;1;46290711089,537
"Tlm_Dos8_Eu";"25/09/2026 17:03:58";1536,3;1;46290711089,537
"HMI<->PLC_Real{0}";"25/09/2026 17:03:58";1247;1;46290711089,537
"Tlm_Bil21_Eu";"25/09/2026 17:03:59";1192,8;1;46290711101,1458
"Tlm_Dos8_Eu";"25/09/2026 17:03:59";1478,2;1;46290711101,1458
"HMI<->PLC_Real{0}";"25/09/2026 17:03:59";1247;1;46290711101,1458
"Tlm_Bil21_Eu";"25/09/2026 17:04:00";1209,5;1;46290711112,7662
"Tlm_Dos8_Eu";"25/09/2026 17:04:00";1458,1;1;46290711112,7662
"HMI<->PLC_Real{0}";"25/09/2026 17:04:00";1247;1;46290711112,7662
"Tlm_Bil21_Eu";"25/09/2026 17:04:01";1228,2;1;46290711124,3981
"Tlm_Dos8_Eu";"25/09/2026 17:04:01";1444,7;1;46290711124,3981
"HMI<->PLC_Real{0}";"25/09/2026 17:04:01";1247;1;46290711124,3981
"Tlm_Bil21_Eu";"25/09/2026 17:04:02";1234,4;1;46290711136,0301
"Tlm_Dos8_Eu";"25/09/2026 17:04:02";1437,4;1;46290711136,0301
"HMI<->PLC_Real{0}";"25/09/2026 17:04:02";1247;1;46290711136,0301
"Tlm_Bil21_Eu";"25/09/2026 17:04:03";1245,8;1;46290711147,662
"Tlm_Dos8_Eu";"25/09/2026 17:04:03";1474,4;1;46290711147,662
"HMI<->PLC_Real{0}";"25/09/2026 17:04:03";1247;1;46290711147,662
"Tlm_Bil21_Eu";"25/09/2026 17:04:04";1248,1;1;46290711159,2824
"Tlm_Dos8_Eu";"25/09/2026 17:04:04";1425,3;1;46290711159,2824
"HMI<->PLC_Real{0}";"25/09/2026 17:04:04";1247;1;46290711159,2824
"Bil21_Wrk_DosaggioInCorso";"25/09/2026 17:04:05";0;1;46290711163,588
"Tlm_Bil21_Eu";"25/09/2026 17:04:43";-0,1;1;46290711612,338
"Tlm_Dos8_Eu";"25/09/2026 17:04:43";2740,1;1;46290711612,338
"HMI<->PLC_Real{0}";"25/09/2026 17:04:43";1247;1;46290711612,338
"Tlm_Bil21_Eu";"25/09/2026 17:04:44";10,5;1;46290711623,9583
"Tlm_Dos8_Eu";"25/09/2026 17:04:44";2872,5;1;46290711623,9583
"HMI<->PLC_Real{0}";"25/09/2026 17:04:44";1247;1;46290711623,9583
"Tlm_Bil21_Eu";"25/09/2026 17:04:45";72,2;1;46290711635,5903
"Tlm_Dos8_Eu";"25/09/2026 17:04:45";2602,3;1;46290711635,5903
"HMI<->PLC_Real{0}";"25/09/2026 17:04:45";1247;1;46290711635,5903
"Tlm_Bil21_Eu";"25/09/2026 17:04:46";113,9;1;46290711647,1875
"Tlm_Dos8_Eu";"25/09/2026 17:04:46";2584,9;1;46290711647,1875
"HMI<->PLC_Real{0}";"25/09/2026 17:04:46";1247;1;46290711647,1875
"Tlm_Bil21_Eu";"25/09/2026 17:04:47";150,2;1;46290711658,8079
"Tlm_Dos8_Eu";"25/09/2026 17:04:47";2622,5;1;46290711658,8079
"HMI<->PLC_Real{0}";"25/09/2026 17:04:47";1247;1;46290711658,8079
"Tlm_Bil21_Eu";"25/09/2026 17:04:48";207,7;1;46290711670,4167
"Tlm_Dos8_Eu";"25/09/2026 17:04:48";2470,8;1;46290711670,4167
"HMI<->PLC_Real{0}";"25/09/2026 17:04:48";1247;1;46290711670,4167
"Tlm_Bil21_Eu";"25/09/2026 17:04:49";247,8;1;46290711682,0602
"Tlm_Dos8_Eu";"25/09/2026 17:04:49";2471,1;1;46290711682,0602
"HMI<->PLC_Real{0}";"25/09/2026 17:04:49";1247;1;46290711682,0602
"Tlm_Bil21_Eu";"25/09/2026 17:04:50";308,5;1;46290711693,6806
"Tlm_Dos8_Eu";"25/09/2026 17:04:50";2392,9;1;46290711693,6806
"HMI<->PLC_Real{0}";"25/09/2026 17:04:50";1247;1;46290711693,6806
"Tlm_Bil21_Eu";"25/09/2026 17:04:51";361,3;1;46290711705,3009
"Tlm_Dos8_Eu";"25/09/2026 17:04:51";2373,1;1;46290711705,3009
"HMI<->PLC_Real{0}";"25/09/2026 17:04:51";1247;1;46290711705,3009
"Tlm_Bil21_Eu";"25/09/2026 17:04:52";413;1;46290711716,9097
"Tlm_Dos8_Eu";"25/09/2026 17:04:52";2297,9;1;46290711716,9097
"HMI<->PLC_Real{0}";"25/09/2026 17:04:52";1247;1;46290711716,9097
"Tlm_Bil21_Eu";"25/09/2026 17:04:53";433,1;1;46290711728,5301
"Tlm_Dos8_Eu";"25/09/2026 17:04:53";2403,2;1;46290711728,5301
"HMI<->PLC_Real{0}";"25/09/2026 17:04:53";1247;1;46290711728,5301
"Tlm_Bil21_Eu";"25/09/2026 17:04:54";481,2;1;46290711740,1389
"Tlm_Dos8_Eu";"25/09/2026 17:04:54";2256,6;1;46290711740,1389
"HMI<->PLC_Real{0}";"25/09/2026 17:04:54";1247;1;46290711740,1389
"Tlm_Bil21_Eu";"25/09/2026 17:04:55";510,7;1;46290711751,7477
"Tlm_Dos8_Eu";"25/09/2026 17:04:55";2049,3;1;46290711751,7477
"HMI<->PLC_Real{0}";"25/09/2026 17:04:55";1247;1;46290711751,7477
"Tlm_Bil21_Eu";"25/09/2026 17:04:56";545,3;1;46290711763,3565
"Tlm_Dos8_Eu";"25/09/2026 17:04:56";2058,2;1;46290711763,3565
"HMI<->PLC_Real{0}";"25/09/2026 17:04:56";1247;1;46290711763,3565
"Tlm_Bil21_Eu";"25/09/2026 17:04:57";579,7;1;46290711774,9884
"Tlm_Dos8_Eu";"25/09/2026 17:04:57";1982,8;1;46290711774,9884
"HMI<->PLC_Real{0}";"25/09/2026 17:04:57";1247;1;46290711774,9884
"Tlm_Bil21_Eu";"25/09/2026 17:04:58";616,1;1;46290711786,5972
"Tlm_Dos8_Eu";"25/09/2026 17:04:58";1908,8;1;46290711786,5972
"HMI<->PLC_Real{0}";"25/09/2026 17:04:58";1247;1;46290711786,5972
"Tlm_Bil21_Eu";"25/09/2026 17:04:59";655,1;1;46290711798,2176
"Tlm_Dos8_Eu";"25/09/2026 17:04:59";1848,8;1;46290711798,2176
"HMI<->PLC_Real{0}";"25/09/2026 17:04:59";1247;1;46290711798,2176
"Tlm_Bil21_Eu";"25/09/2026 17:05:00";677,7;1;46290711809,838
"Tlm_Dos8_Eu";"25/09/2026 17:05:00";2047,1;1;46290711809,838
"HMI<->PLC_Real{0}";"25/09/2026 17:05:00";1247;1;46290711809,838
"Tlm_Bil21_Eu";"25/09/2026 17:05:01";694;1;46290711821,4815
"Tlm_Dos8_Eu";"25/09/2026 17:05:01";2054,5;1;46290711821,4815
"HMI<->PLC_Real{0}";"25/09/2026 17:05:01";1247;1;46290711821,4815
"Tlm_Bil21_Eu";"25/09/2026 17:05:02";701,9;1;46290711833,1134
"Tlm_Dos8_Eu";"25/09/2026 17:05:02";1962;1;46290711833,1134
"HMI<->PLC_Real{0}";"25/09/2026 17:05:02";1247;1;46290711833,1134
"Tlm_Bil21_Eu";"25/09/2026 17:05:03";711,3;1;46290711844,7338
"Tlm_Dos8_Eu";"25/09/2026 17:05:03";1917,7;1;46290711844,7338
"HMI<->PLC_Real{0}";"25/09/2026 17:05:03";1247;1;46290711844,7338
"Tlm_Bil21_Eu";"25/09/2026 17:05:04";726,1;1;46290711856,3426
"Tlm_Dos8_Eu";"25/09/2026 17:05:04";1992,3;1;46290711856,3426
"HMI<->PLC_Real{0}";"25/09/2026 17:05:04";1247;1;46290711856,3426
"Tlm_Bil21_Eu";"25/09/2026 17:05:05";740,8;1;46290711867,9514
"Tlm_Dos8_Eu";"25/09/2026 17:05:05";1808;1;46290711867,9514
"HMI<->PLC_Real{0}";"25/09/2026 17:05:05";1247;1;46290711867,9514
"Tlm_Bil21_Eu";"25/09/2026 17:05:06";756,2;1;46290711879,5718
"Tlm_Dos8_Eu";"25/09/2026 17:05:06";1815,8;1;46290711879,5718
"HMI<->PLC_Real{0}";"25/09/2026 17:05:06";1247;1;46290711879,5718
"Tlm_Bil21_Eu";"25/09/2026 17:05:07";778,1;1;46290711891,1921
"Tlm_Dos8_Eu";"25/09/2026 17:05:07";1879,8;1;46290711891,1921
"HMI<->PLC_Real{0}";"25/09/2026 17:05:07";1247;1;46290711891,1921
"Tlm_Bil21_Eu";"25/09/2026 17:05:08";804,4;1;46290711902,8009
"Tlm_Dos8_Eu";"25/09/2026 17:05:08";1762,9;1;46290711902,8009
"HMI<->PLC_Real{0}";"25/09/2026 17:05:08";1247;1;46290711902,8009
"Tlm_Bil21_Eu";"25/09/2026 17:05:09";826;1;46290711914,4097
"Tlm_Dos8_Eu";"25/09/2026 17:05:09";1877,8;1;46290711914,4097
"HMI<->PLC_Real{0}";"25/09/2026 17:05:09";1247;1;46290711914,4097
"Tlm_Bil21_Eu";"25/09/2026 17:05:10";854,4;1;46290711926,0417
"Tlm_Dos8_Eu";"25/09/2026 17:05:10";1610,3;1;46290711926,0417
"HMI<->PLC_Real{0}";"25/09/2026 17:05:10";1247;1;46290711926,0417
"Tlm_Bil21_Eu";"25/09/2026 17:05:11";878,8;1;46290711937,6505
"Tlm_Dos8_Eu";"25/09/2026 17:05:11";1661,9;1;46290711937,6505
"HMI<->PLC_Real{0}";"25/09/2026 17:05:11";1247;1;46290711937,6505
"Tlm_Bil21_Eu";"25/09/2026 17:05:12";899,8;1;46290711949,2593
"Tlm_Dos8_Eu";"25/09/2026 17:05:12";1686,4;1;46290711949,2593
"HMI<->PLC_Real{0}";"25/09/2026 17:05:12";1247;1;46290711949,2593
"Tlm_Bil21_Eu";"25/09/2026 17:05:13";909,9;1;46290711960,8912
"Tlm_Dos8_Eu";"25/09/2026 17:05:13";1835,8;1;46290711960,8912
"HMI<->PLC_Real{0}";"25/09/2026 17:05:13";1247;1;46290711960,8912
"Tlm_Bil21_Eu";"25/09/2026 17:05:14";918,9;1;46290711972,5
"Tlm_Dos8_Eu";"25/09/2026 17:05:14";1669,3;1;46290711972,5
"HMI<->PLC_Real{0}";"25/09/2026 17:05:14";1247;1;46290711972,5
"Tlm_Bil21_Eu";"25/09/2026 17:05:15";923,2;1;46290711984,1088
"Tlm_Dos8_Eu";"25/09/2026 17:05:15";1658,1;1;46290711984,1088
"HMI<->PLC_Real{0}";"25/09/2026 17:05:15";1247;1;46290711984,1088
"Tlm_Bil21_Eu";"25/09/2026 17:05:16";927,6;1;46290711995,7292
"Tlm_Dos8_Eu";"25/09/2026 17:05:16";1692,8;1;46290711995,7292
"HMI<->PLC_Real{0}";"25/09/2026 17:05:16";1247;1;46290711995,7292
"Tlm_Bil21_Eu";"25/09/2026 17:05:17";932,5;1;46290712007,3495
"Tlm_Dos8_Eu";"25/09/2026 17:05:17";1650,9;1;46290712007,3495
"HMI<->PLC_Real{0}";"25/09/2026 17:05:17";1247;1;46290712007,3495
"Tlm_Bil21_Eu";"25/09/2026 17:05:18";946,3;1;46290712018,9815
"Tlm_Dos8_Eu";"25/09/2026 17:05:18";1651,2;1;46290712018,9815
"HMI<->PLC_Real{0}";"25/09/2026 17:05:18";1247;1;46290712018,9815
"Tlm_Bil21_Eu";"25/09/2026 17:05:19";964,7;1;46290712030,6134
"Tlm_Dos8_Eu";"25/09/2026 17:05:19";1644,3;1;46290712030,6134
"HMI<->PLC_Real{0}";"25/09/2026 17:05:19";1247;1;46290712030,6134
"Tlm_Bil21_Eu";"25/09/2026 17:05:20";980,6;1;46290712042,257
"Tlm_Dos8_Eu";"25/09/2026 17:05:20";1819,9;1;46290712042,257
"HMI<->PLC_Real{0}";"25/09/2026 17:05:20";1247;1;46290712042,257
"Tlm_Bil21_Eu";"25/09/2026 17:05:21";994,7;1;46290712053,8657
"Tlm_Dos8_Eu";"25/09/2026 17:05:21";1736,4;1;46290712053,8657
"HMI<->PLC_Real{0}";"25/09/2026 17:05:21";1247;1;46290712053,8657
"Tlm_Bil21_Eu";"25/09/2026 17:05:22";1007;1;46290712065,4861
"Tlm_Dos8_Eu";"25/09/2026 17:05:22";1620,7;1;46290712065,4861
"HMI<->PLC_Real{0}";"25/09/2026 17:05:22";1247;1;46290712065,4861
"Tlm_Bil21_Eu";"25/09/2026 17:05:23";1012,2;1;46290712077,1181
"Tlm_Dos8_Eu";"25/09/2026 17:05:23";1737;1;46290712077,1181
"HMI<->PLC_Real{0}";"25/09/2026 17:05:23";1247;1;46290712077,1181
"Tlm_Bil21_Eu";"25/09/2026 17:05:24";1017,8;1;46290712088,7269
"Tlm_Dos8_Eu";"25/09/2026 17:05:24";1641;1;46290712088,7269
"HMI<->PLC_Real{0}";"25/09/2026 17:05:24";1247;1;46290712088,7269
"Tlm_Bil21_Eu";"25/09/2026 17:05:25";1034,1;1;46290712100,3588
"Tlm_Dos8_Eu";"25/09/2026 17:05:25";1580,6;1;46290712100,3588
"HMI<->PLC_Real{0}";"25/09/2026 17:05:25";1247;1;46290712100,3588
"Tlm_Bil21_Eu";"25/09/2026 17:05:26";1063,3;1;46290712111,9792
"Tlm_Dos8_Eu";"25/09/2026 17:05:26";1394,6;1;46290712111,9792
"HMI<->PLC_Real{0}";"25/09/2026 17:05:26";1247;1;46290712111,9792
"Tlm_Bil21_Eu";"25/09/2026 17:05:27";1090,7;1;46290712123,588
"Tlm_Dos8_Eu";"25/09/2026 17:05:27";1378,8;1;46290712123,588
"HMI<->PLC_Real{0}";"25/09/2026 17:05:27";1247;1;46290712123,588
"Tlm_Bil21_Eu";"25/09/2026 17:05:28";1125,4;1;46290712135,1968
"Tlm_Dos8_Eu";"25/09/2026 17:05:28";1476;1;46290712135,1968
"HMI<->PLC_Real{0}";"25/09/2026 17:05:28";1247;1;46290712135,1968
"Tlm_Bil21_Eu";"25/09/2026 17:05:29";1166,4;1;46290712146,794
"Tlm_Dos8_Eu";"25/09/2026 17:05:29";1500,6;1;46290712146,794
"HMI<->PLC_Real{0}";"25/09/2026 17:05:29";1247;1;46290712146,794
"Tlm_Bil21_Eu";"25/09/2026 17:05:30";1181,2;1;46290712158,4028
"Tlm_Dos8_Eu";"25/09/2026 17:05:30";1482,5;1;46290712158,4028
"HMI<->PLC_Real{0}";"25/09/2026 17:05:30";1247;1;46290712158,4028
"Tlm_Bil21_Eu";"25/09/2026 17:05:31";1189,1;1;46290712170,0116
"Tlm_Dos8_Eu";"25/09/2026 17:05:31";1474,9;1;46290712170,0116
"HMI<->PLC_Real{0}";"25/09/2026 17:05:31";1247;1;46290712170,0116
"Tlm_Bil21_Eu";"25/09/2026 17:05:32";1196,5;1;46290712181,6204
"Tlm_Dos8_Eu";"25/09/2026 17:05:32";1467,2;1;46290712181,6204
"HMI<->PLC_Real{0}";"25/09/2026 17:05:32";1247;1;46290712181,6204
"Tlm_Bil21_Eu";"25/09/2026 17:05:33";1202,9;1;46290712193,2292
"Tlm_Dos8_Eu";"25/09/2026 17:05:33";1459,3;1;46290712193,2292
"HMI<->PLC_Real{0}";"25/09/2026 17:05:33";1247;1;46290712193,2292
"Tlm_Bil21_Eu";"25/09/2026 17:05:34";1210,8;1;46290712204,8495
"Tlm_Dos8_Eu";"25/09/2026 17:05:34";1450,2;1;46290712204,8495
"HMI<->PLC_Real{0}";"25/09/2026 17:05:34";1247;1;46290712204,8495
"Tlm_Bil21_Eu";"25/09/2026 17:05:36";1218,1;1;46290712216,4815
"Tlm_Dos8_Eu";"25/09/2026 17:05:36";1444,9;1;46290712216,4815
"HMI<->PLC_Real{0}";"25/09/2026 17:05:36";1247;1;46290712216,4815
"Tlm_Bil21_Eu";"25/09/2026 17:05:37";1222,3;1;46290712228,0903
"Tlm_Dos8_Eu";"25/09/2026 17:05:37";1439,5;1;46290712228,0903
"HMI<->PLC_Real{0}";"25/09/2026 17:05:37";1247;1;46290712228,0903
"Tlm_Bil21_Eu";"25/09/2026 17:05:38";1231,2;1;46290712239,7106
"Tlm_Dos8_Eu";"25/09/2026 17:05:38";1429,6;1;46290712239,7106
"HMI<->PLC_Real{0}";"25/09/2026 17:05:38";1247;1;46290712239,7106
"Tlm_Bil21_Eu";"25/09/2026 17:05:39";1234,2;1;46290712251,3195
"Tlm_Dos8_Eu";"25/09/2026 17:05:39";1426,2;1;46290712251,3195
"HMI<->PLC_Real{0}";"25/09/2026 17:05:39";1247;1;46290712251,3195
"Tlm_Bil21_Eu";"25/09/2026 17:05:40";1238,2;1;46290712262,9514
"Tlm_Dos8_Eu";"25/09/2026 17:05:40";1421,5;1;46290712262,9514
"HMI<->PLC_Real{0}";"25/09/2026 17:05:40";1247;1;46290712262,9514
"Tlm_Bil21_Eu";"25/09/2026 17:05:41";1241,1;1;46290712274,5718
"Tlm_Dos8_Eu";"25/09/2026 17:05:41";1413,5;1;46290712274,5718
"HMI<->PLC_Real{0}";"25/09/2026 17:05:41";1247;1;46290712274,5718
"Bil21_Wrk_DosaggioInCorso";"25/09/2026 17:05:41";0;1;46290712274,8843
"Tlm_Bil21_Eu";"25/09/2026 17:06:48";0,1;1;46290713053,6806
"Tlm_Dos8_Eu";"25/09/2026 17:06:48";2723,2;1;46290713053,6806
"HMI<->PLC_Real{0}";"25/09/2026 17:06:48";1247;1;46290713053,6806
"Tlm_Bil21_Eu";"25/09/2026 17:06:49";12;1;46290713065,3241
"Tlm_Dos8_Eu";"25/09/2026 17:06:49";2646,8;1;46290713065,3241
"HMI<->PLC_Real{0}";"25/09/2026 17:06:49";1247;1;46290713065,3241
"Tlm_Bil21_Eu";"25/09/2026 17:06:50";46,5;1;46290713076,956
"Tlm_Dos8_Eu";"25/09/2026 17:06:50";2631,3;1;46290713076,956
"HMI<->PLC_Real{0}";"25/09/2026 17:06:50";1247;1;46290713076,956
"Tlm_Bil21_Eu";"25/09/2026 17:06:51";74,2;1;46290713088,6111
"Tlm_Dos8_Eu";"25/09/2026 17:06:51";2528,9;1;46290713088,6111
"HMI<->PLC_Real{0}";"25/09/2026 17:06:51";1247;1;46290713088,6111
"Tlm_Bil21_Eu";"25/09/2026 17:06:52";104,9;1;46290713100,2315
"Tlm_Dos8_Eu";"25/09/2026 17:06:52";2609,9;1;46290713100,2315
"HMI<->PLC_Real{0}";"25/09/2026 17:06:52";1247;1;46290713100,2315
"Tlm_Bil21_Eu";"25/09/2026 17:06:53";141,8;1;46290713111,8519
"Tlm_Dos8_Eu";"25/09/2026 17:06:53";2583,4;1;46290713111,8519
"HMI<->PLC_Real{0}";"25/09/2026 17:06:53";1247;1;46290713111,8519
"Tlm_Bil21_Eu";"25/09/2026 17:06:54";181,1;1;46290713123,4838
"Tlm_Dos8_Eu";"25/09/2026 17:06:54";2540,7;1;46290713123,4838
"HMI<->PLC_Real{0}";"25/09/2026 17:06:54";1247;1;46290713123,4838
"Tlm_Bil21_Eu";"25/09/2026 17:06:55";218,5;1;46290713135,1157
"Tlm_Dos8_Eu";"25/09/2026 17:06:55";2616,3;1;46290713135,1157
"HMI<->PLC_Real{0}";"25/09/2026 17:06:55";1247;1;46290713135,1157
"Tlm_Bil21_Eu";"25/09/2026 17:06:56";248,9;1;46290713146,7361
"Tlm_Dos8_Eu";"25/09/2026 17:06:56";2525,2;1;46290713146,7361
"HMI<->PLC_Real{0}";"25/09/2026 17:06:56";1247;1;46290713146,7361
"Tlm_Bil21_Eu";"25/09/2026 17:06:57";286,1;1;46290713158,3681
"Tlm_Dos8_Eu";"25/09/2026 17:06:57";2513,8;1;46290713158,3681
"HMI<->PLC_Real{0}";"25/09/2026 17:06:57";1247;1;46290713158,3681
"Tlm_Bil21_Eu";"25/09/2026 17:06:58";318,4;1;46290713170
"Tlm_Dos8_Eu";"25/09/2026 17:06:58";2298,8;1;46290713170
"HMI<->PLC_Real{0}";"25/09/2026 17:06:58";1247;1;46290713170
"Tlm_Bil21_Eu";"25/09/2026 17:06:59";357,8;1;46290713181,6204
"Tlm_Dos8_Eu";"25/09/2026 17:06:59";2262,9;1;46290713181,6204
"HMI<->PLC_Real{0}";"25/09/2026 17:06:59";1247;1;46290713181,6204
"Tlm_Bil21_Eu";"25/09/2026 17:07:00";398,6;1;46290713193,2407
"Tlm_Dos8_Eu";"25/09/2026 17:07:00";2212,9;1;46290713193,2407
"HMI<->PLC_Real{0}";"25/09/2026 17:07:00";1247;1;46290713193,2407
"Tlm_Bil21_Eu";"25/09/2026 17:07:01";428,6;1;46290713204,8843
"Tlm_Dos8_Eu";"25/09/2026 17:07:01";2157,9;1;46290713204,8843
"HMI<->PLC_Real{0}";"25/09/2026 17:07:01";1247;1;46290713204,8843
"Tlm_Bil21_Eu";"25/09/2026 17:07:02";461,1;1;46290713216,5162
"Tlm_Dos8_Eu";"25/09/2026 17:07:02";2126,7;1;46290713216,5162
"HMI<->PLC_Real{0}";"25/09/2026 17:07:02";1247;1;46290713216,5162
"Tlm_Bil21_Eu";"25/09/2026 17:07:03";499,8;1;46290713228,1482
"Tlm_Dos8_Eu";"25/09/2026 17:07:03";1995,6;1;46290713228,1482
"HMI<->PLC_Real{0}";"25/09/2026 17:07:03";1247;1;46290713228,1482
"Tlm_Bil21_Eu";"25/09/2026 17:07:04";534,5;1;46290713239,7685
"Tlm_Dos8_Eu";"25/09/2026 17:07:04";2014,2;1;46290713239,7685
"HMI<->PLC_Real{0}";"25/09/2026 17:07:04";1247;1;46290713239,7685
"Tlm_Bil21_Eu";"25/09/2026 17:07:05";573,5;1;46290713251,412
"Tlm_Dos8_Eu";"25/09/2026 17:07:05";1831,3;1;46290713251,412
"HMI<->PLC_Real{0}";"25/09/2026 17:07:05";1247;1;46290713251,412
"Tlm_Bil21_Eu";"25/09/2026 17:07:06";622,4;1;46290713263,0324
"Tlm_Dos8_Eu";"25/09/2026 17:07:06";2108,9;1;46290713263,0324
"HMI<->PLC_Real{0}";"25/09/2026 17:07:06";1247;1;46290713263,0324
"Tlm_Bil21_Eu";"25/09/2026 17:07:07";677,3;1;46290713274,6412
"Tlm_Dos8_Eu";"25/09/2026 17:07:07";1982;1;46290713274,6412
"HMI<->PLC_Real{0}";"25/09/2026 17:07:07";1247;1;46290713274,6412
"Tlm_Bil21_Eu";"25/09/2026 17:07:08";725,5;1;46290713286,2732
"Tlm_Dos8_Eu";"25/09/2026 17:07:08";1868,4;1;46290713286,2732
"HMI<->PLC_Real{0}";"25/09/2026 17:07:08";1247;1;46290713286,2732
"Tlm_Bil21_Eu";"25/09/2026 17:07:09";771,9;1;46290713297,882
"Tlm_Dos8_Eu";"25/09/2026 17:07:09";1805,8;1;46290713297,882
"HMI<->PLC_Real{0}";"25/09/2026 17:07:09";1247;1;46290713297,882
"Tlm_Bil21_Eu";"25/09/2026 17:07:10";812,8;1;46290713309,5023
"Tlm_Dos8_Eu";"25/09/2026 17:07:10";1645,8;1;46290713309,5023
"HMI<->PLC_Real{0}";"25/09/2026 17:07:10";1247;1;46290713309,5023
"Tlm_Bil21_Eu";"25/09/2026 17:07:11";841,9;1;46290713321,1111
"Tlm_Dos8_Eu";"25/09/2026 17:07:11";1659,3;1;46290713321,1111
"HMI<->PLC_Real{0}";"25/09/2026 17:07:11";1247;1;46290713321,1111
"Tlm_Bil21_Eu";"25/09/2026 17:07:12";879,9;1;46290713332,7315
"Tlm_Dos8_Eu";"25/09/2026 17:07:12";1745;1;46290713332,7315
"HMI<->PLC_Real{0}";"25/09/2026 17:07:12";1247;1;46290713332,7315
"Tlm_Bil21_Eu";"25/09/2026 17:07:13";910,8;1;46290713344,3519
"Tlm_Dos8_Eu";"25/09/2026 17:07:13";1601,5;1;46290713344,3519
"HMI<->PLC_Real{0}";"25/09/2026 17:07:13";1247;1;46290713344,3519
"Tlm_Bil21_Eu";"25/09/2026 17:07:14";944,9;1;46290713355,9722
"Tlm_Dos8_Eu";"25/09/2026 17:07:14";1710,6;1;46290713355,9722
"HMI<->PLC_Real{0}";"25/09/2026 17:07:14";1247;1;46290713355,9722
"Tlm_Bil21_Eu";"25/09/2026 17:07:15";969,5;1;46290713367,5926
"Tlm_Dos8_Eu";"25/09/2026 17:07:15";1643;1;46290713367,5926
"HMI<->PLC_Real{0}";"25/09/2026 17:07:15";1247;1;46290713367,5926
"Tlm_Bil21_Eu";"25/09/2026 17:07:16";987,1;1;46290713379,213
"Tlm_Dos8_Eu";"25/09/2026 17:07:16";1559,9;1;46290713379,213
"HMI<->PLC_Real{0}";"25/09/2026 17:07:16";1247;1;46290713379,213
"Tlm_Bil21_Eu";"25/09/2026 17:07:17";1017,2;1;46290713390,8333
"Tlm_Dos8_Eu";"25/09/2026 17:07:17";1577,7;1;46290713390,8333
"HMI<->PLC_Real{0}";"25/09/2026 17:07:17";1247;1;46290713390,8333
"Tlm_Bil21_Eu";"25/09/2026 17:07:18";1055,7;1;46290713402,4537
"Tlm_Dos8_Eu";"25/09/2026 17:07:18";1469,3;1;46290713402,4537
"HMI<->PLC_Real{0}";"25/09/2026 17:07:18";1247;1;46290713402,4537
"Tlm_Bil21_Eu";"25/09/2026 17:07:19";1114,2;1;46290713414,0625
"Tlm_Dos8_Eu";"25/09/2026 17:07:19";1507,7;1;46290713414,0625
"HMI<->PLC_Real{0}";"25/09/2026 17:07:19";1247;1;46290713414,0625
"Tlm_Bil21_Eu";"25/09/2026 17:07:20";1164;1;46290713425,706
"Tlm_Dos8_Eu";"25/09/2026 17:07:20";1387,5;1;46290713425,706
"HMI<->PLC_Real{0}";"25/09/2026 17:07:20";1247;1;46290713425,706
"Tlm_Bil21_Eu";"25/09/2026 17:07:21";1196,3;1;46290713437,338
"Tlm_Dos8_Eu";"25/09/2026 17:07:21";1495,7;1;46290713437,338
"HMI<->PLC_Real{0}";"25/09/2026 17:07:21";1247;1;46290713437,338
"Tlm_Bil21_Eu";"25/09/2026 17:07:22";1203,6;1;46290713448,9815
"Tlm_Dos8_Eu";"25/09/2026 17:07:22";1460,1;1;46290713448,9815
"HMI<->PLC_Real{0}";"25/09/2026 17:07:22";1247;1;46290713448,9815
"Tlm_Bil21_Eu";"25/09/2026 17:07:23";1212,9;1;46290713460,6134
"Tlm_Dos8_Eu";"25/09/2026 17:07:23";1449,4;1;46290713460,6134
"HMI<->PLC_Real{0}";"25/09/2026 17:07:23";1247;1;46290713460,6134
"Tlm_Bil21_Eu";"25/09/2026 17:07:24";1221,8;1;46290713472,2338
"Tlm_Dos8_Eu";"25/09/2026 17:07:24";1440;1;46290713472,2338
"HMI<->PLC_Real{0}";"25/09/2026 17:07:24";1247;1;46290713472,2338
"Tlm_Bil21_Eu";"25/09/2026 17:07:25";1249,9;1;46290713483,8657
"Tlm_Dos8_Eu";"25/09/2026 17:07:25";1456,6;1;46290713483,8657
"HMI<->PLC_Real{0}";"25/09/2026 17:07:25";1247;1;46290713483,8657
"Tlm_Bil21_Eu";"25/09/2026 17:07:26";1256,2;1;46290713495,5093
"Tlm_Dos8_Eu";"25/09/2026 17:07:26";1414,5;1;46290713495,5093
"HMI<->PLC_Real{0}";"25/09/2026 17:07:26";1247;1;46290713495,5093
"Bil21_Wrk_DosaggioInCorso";"25/09/2026 17:07:27";0;1;46290713501,3889
"Tlm_Bil21_Eu";"25/09/2026 17:09:51";0,1;1;46290715172,1875
"Tlm_Dos8_Eu";"25/09/2026 17:09:51";4139,3;1;46290715172,1875
"HMI<->PLC_Real{0}";"25/09/2026 17:09:51";1247;1;46290715172,1875
"Tlm_Bil21_Eu";"25/09/2026 17:09:52";14,2;1;46290715183,8195
"Tlm_Dos8_Eu";"25/09/2026 17:09:52";4159,6;1;46290715183,8195
"HMI<->PLC_Real{0}";"25/09/2026 17:09:52";1247;1;46290715183,8195
"Tlm_Bil21_Eu";"25/09/2026 17:09:53";60,1;1;46290715195,463
"Tlm_Dos8_Eu";"25/09/2026 17:09:53";4002,1;1;46290715195,463
"HMI<->PLC_Real{0}";"25/09/2026 17:09:53";1247;1;46290715195,463
"Tlm_Bil21_Eu";"25/09/2026 17:09:54";102,7;1;46290715207,3958
"Tlm_Dos8_Eu";"25/09/2026 17:09:54";4014,7;1;46290715207,3958
"HMI<->PLC_Real{0}";"25/09/2026 17:09:54";1247;1;46290715207,3958
"Tlm_Bil21_Eu";"25/09/2026 17:09:55";161,4;1;46290715219,7801
"Tlm_Dos8_Eu";"25/09/2026 17:09:55";3912,1;1;46290715219,7801
"HMI<->PLC_Real{0}";"25/09/2026 17:09:55";1247;1;46290715219,7801
"Tlm_Bil21_Eu";"25/09/2026 17:09:56";213,6;1;46290715232,0949
"Tlm_Dos8_Eu";"25/09/2026 17:09:56";3888,2;1;46290715232,0949
"HMI<->PLC_Real{0}";"25/09/2026 17:09:56";1247;1;46290715232,0949
"Tlm_Bil21_Eu";"25/09/2026 17:09:57";263,9;1;46290715244,375
"Tlm_Dos8_Eu";"25/09/2026 17:09:57";3842,6;1;46290715244,375
"HMI<->PLC_Real{0}";"25/09/2026 17:09:57";1247;1;46290715244,375
"Tlm_Bil21_Eu";"25/09/2026 17:09:58";320,1;1;46290715256,6551
"Tlm_Dos8_Eu";"25/09/2026 17:09:58";3772,1;1;46290715256,6551
"HMI<->PLC_Real{0}";"25/09/2026 17:09:58";1247;1;46290715256,6551
"Tlm_Bil21_Eu";"25/09/2026 17:09:59";359,9;1;46290715268,9468
"Tlm_Dos8_Eu";"25/09/2026 17:09:59";3713,7;1;46290715268,9468
"HMI<->PLC_Real{0}";"25/09/2026 17:09:59";1247;1;46290715268,9468
"Tlm_Bil21_Eu";"25/09/2026 17:10:00";404,2;1;46290715281,2731
"Tlm_Dos8_Eu";"25/09/2026 17:10:00";3588,6;1;46290715281,2731
"HMI<->PLC_Real{0}";"25/09/2026 17:10:00";1247;1;46290715281,2731
"Tlm_Bil21_Eu";"25/09/2026 17:10:01";430,1;1;46290715293,5995
"Tlm_Dos8_Eu";"25/09/2026 17:10:01";3682,4;1;46290715293,5995
"HMI<->PLC_Real{0}";"25/09/2026 17:10:01";1247;1;46290715293,5995
"Tlm_Bil21_Eu";"25/09/2026 17:10:02";460,9;1;46290715305,9259
"Tlm_Dos8_Eu";"25/09/2026 17:10:02";3614,6;1;46290715305,9259
"HMI<->PLC_Real{0}";"25/09/2026 17:10:02";1247;1;46290715305,9259
"Tlm_Bil21_Eu";"25/09/2026 17:10:04";521,9;1;46290715318,2986
"Tlm_Dos8_Eu";"25/09/2026 17:10:04";3477,7;1;46290715318,2986
"HMI<->PLC_Real{0}";"25/09/2026 17:10:04";1247;1;46290715318,2986
"Tlm_Bil21_Eu";"25/09/2026 17:10:05";627,9;1;46290715330,6481
"Tlm_Dos8_Eu";"25/09/2026 17:10:05";3538,5;1;46290715330,6481
"HMI<->PLC_Real{0}";"25/09/2026 17:10:05";1247;1;46290715330,6481
"Tlm_Bil21_Eu";"25/09/2026 17:10:06";661,1;1;46290715342,9398
"Tlm_Dos8_Eu";"25/09/2026 17:10:06";3379,3;1;46290715342,9398
"HMI<->PLC_Real{0}";"25/09/2026 17:10:06";1247;1;46290715342,9398
"Tlm_Bil21_Eu";"25/09/2026 17:10:07";725,1;1;46290715355,2894
"Tlm_Dos8_Eu";"25/09/2026 17:10:07";3331,8;1;46290715355,2894
"HMI<->PLC_Real{0}";"25/09/2026 17:10:07";1247;1;46290715355,2894
"Tlm_Bil21_Eu";"25/09/2026 17:10:08";776,1;1;46290715367,581
"Tlm_Dos8_Eu";"25/09/2026 17:10:08";3241,7;1;46290715367,581
"HMI<->PLC_Real{0}";"25/09/2026 17:10:08";1247;1;46290715367,581
"Tlm_Bil21_Eu";"25/09/2026 17:10:09";826,8;1;46290715379,8958
"Tlm_Dos8_Eu";"25/09/2026 17:10:09";3194,8;1;46290715379,8958
"HMI<->PLC_Real{0}";"25/09/2026 17:10:09";1247;1;46290715379,8958
"Tlm_Bil21_Eu";"25/09/2026 17:10:10";871,2;1;46290715392,2338
"Tlm_Dos8_Eu";"25/09/2026 17:10:10";3289,6;1;46290715392,2338
"HMI<->PLC_Real{0}";"25/09/2026 17:10:10";1247;1;46290715392,2338
"Tlm_Bil21_Eu";"25/09/2026 17:10:11";921,1;1;46290715404,5949
"Tlm_Dos8_Eu";"25/09/2026 17:10:11";3071,7;1;46290715404,5949
"HMI<->PLC_Real{0}";"25/09/2026 17:10:11";1247;1;46290715404,5949
"Tlm_Bil21_Eu";"25/09/2026 17:10:12";969,3;1;46290715416,8866
"Tlm_Dos8_Eu";"25/09/2026 17:10:12";3140,2;1;46290715416,8866
"HMI<->PLC_Real{0}";"25/09/2026 17:10:12";1247;1;46290715416,8866
"Tlm_Bil21_Eu";"25/09/2026 17:10:13";1012,9;1;46290715429,1435
"Tlm_Dos8_Eu";"25/09/2026 17:10:13";3091,8;1;46290715429,1435
"HMI<->PLC_Real{0}";"25/09/2026 17:10:13";1247;1;46290715429,1435
"Tlm_Bil21_Eu";"25/09/2026 17:10:14";1024;1;46290715441,4468
"Tlm_Dos8_Eu";"25/09/2026 17:10:14";3001,9;1;46290715441,4468
"HMI<->PLC_Real{0}";"25/09/2026 17:10:14";1247;1;46290715441,4468
"Tlm_Bil21_Eu";"25/09/2026 17:10:15";1077,9;1;46290715453,7269
"Tlm_Dos8_Eu";"25/09/2026 17:10:15";2896,7;1;46290715453,7269
"HMI<->PLC_Real{0}";"25/09/2026 17:10:15";1247;1;46290715453,7269
"Tlm_Bil21_Eu";"25/09/2026 17:10:16";1121,6;1;46290715466,0417
"Tlm_Dos8_Eu";"25/09/2026 17:10:16";2856,5;1;46290715466,0417
"HMI<->PLC_Real{0}";"25/09/2026 17:10:16";1247;1;46290715466,0417
"Tlm_Bil21_Eu";"25/09/2026 17:10:17";1171,9;1;46290715478,4028
"Tlm_Dos8_Eu";"25/09/2026 17:10:17";2770,2;1;46290715478,4028
"HMI<->PLC_Real{0}";"25/09/2026 17:10:17";1247;1;46290715478,4028
"Tlm_Bil21_Eu";"25/09/2026 17:10:18";1189,7;1;46290715490,7639
"Tlm_Dos8_Eu";"25/09/2026 17:10:18";2940;1;46290715490,7639
"HMI<->PLC_Real{0}";"25/09/2026 17:10:18";1247;1;46290715490,7639
"Tlm_Bil21_Eu";"25/09/2026 17:10:19";1198,5;1;46290715503,1366
"Tlm_Dos8_Eu";"25/09/2026 17:10:19";2871,2;1;46290715503,1366
"HMI<->PLC_Real{0}";"25/09/2026 17:10:19";1247;1;46290715503,1366
"Tlm_Bil21_Eu";"25/09/2026 17:10:21";1224,2;1;46290715515,4167
"Tlm_Dos8_Eu";"25/09/2026 17:10:21";2839,5;1;46290715515,4167
"HMI<->PLC_Real{0}";"25/09/2026 17:10:21";1247;1;46290715515,4167
"Tlm_Bil21_Eu";"25/09/2026 17:10:22";1239,8;1;46290715527,7199
"Tlm_Dos8_Eu";"25/09/2026 17:10:22";2806,1;1;46290715527,7199
"HMI<->PLC_Real{0}";"25/09/2026 17:10:22";1247;1;46290715527,7199
"Tlm_Bil21_Eu";"25/09/2026 17:10:23";1240,9;1;46290715539,9653
"Tlm_Dos8_Eu";"25/09/2026 17:10:23";2828,9;1;46290715539,9653
"HMI<->PLC_Real{0}";"25/09/2026 17:10:23";1247;1;46290715539,9653
"Bil21_Wrk_DosaggioInCorso";"25/09/2026 17:10:24";0;1;46290715550,0694
"Tlm_Bil21_Eu";"25/09/2026 17:11:02";-0,2;1;46290715996,6667
"Tlm_Dos8_Eu";"25/09/2026 17:11:02";4134,3;1;46290715996,6667
"HMI<->PLC_Real{0}";"25/09/2026 17:11:02";1247;1;46290715996,6667
"Tlm_Bil21_Eu";"25/09/2026 17:11:03";14,7;1;46290716008,9352
"Tlm_Dos8_Eu";"25/09/2026 17:11:03";4001,3;1;46290716008,9352
"HMI<->PLC_Real{0}";"25/09/2026 17:11:03";1247;1;46290716008,9352
"Tlm_Bil21_Eu";"25/09/2026 17:11:04";56,9;1;46290716021,25
"Tlm_Dos8_Eu";"25/09/2026 17:11:04";4063,5;1;46290716021,25
"HMI<->PLC_Real{0}";"25/09/2026 17:11:04";1247;1;46290716021,25
"Tlm_Bil21_Eu";"25/09/2026 17:11:05";88;1;46290716033,5995
"Tlm_Dos8_Eu";"25/09/2026 17:11:05";3971,9;1;46290716033,5995
"HMI<->PLC_Real{0}";"25/09/2026 17:11:05";1247;1;46290716033,5995
"Tlm_Bil21_Eu";"25/09/2026 17:11:06";117,7;1;46290716045,9491
"Tlm_Dos8_Eu";"25/09/2026 17:11:06";3955,1;1;46290716045,9491
"HMI<->PLC_Real{0}";"25/09/2026 17:11:06";1247;1;46290716045,9491
"Tlm_Bil21_Eu";"25/09/2026 17:11:07";167,3;1;46290716058,2407
"Tlm_Dos8_Eu";"25/09/2026 17:11:07";3852,1;1;46290716058,2407
"HMI<->PLC_Real{0}";"25/09/2026 17:11:07";1247;1;46290716058,2407
"Tlm_Bil21_Eu";"25/09/2026 17:11:08";214,7;1;46290716070,6018
"Tlm_Dos8_Eu";"25/09/2026 17:11:08";3909,6;1;46290716070,6018
"HMI<->PLC_Real{0}";"25/09/2026 17:11:08";1247;1;46290716070,6018
"Tlm_Bil21_Eu";"25/09/2026 17:11:10";301,2;1;46290716082,8935
"Tlm_Dos8_Eu";"25/09/2026 17:11:10";3787,9;1;46290716082,8935
"HMI<->PLC_Real{0}";"25/09/2026 17:11:10";1247;1;46290716082,8935
"Tlm_Bil21_Eu";"25/09/2026 17:11:11";338,9;1;46290716095,1852
"Tlm_Dos8_Eu";"25/09/2026 17:11:11";3888,9;1;46290716095,1852
"HMI<->PLC_Real{0}";"25/09/2026 17:11:11";1247;1;46290716095,1852
"Tlm_Bil21_Eu";"25/09/2026 17:11:12";363,8;1;46290716107,4769
"Tlm_Dos8_Eu";"25/09/2026 17:11:12";3652,6;1;46290716107,4769
"HMI<->PLC_Real{0}";"25/09/2026 17:11:12";1247;1;46290716107,4769
"Tlm_Bil21_Eu";"25/09/2026 17:11:13";388,1;1;46290716119,7917
"Tlm_Dos8_Eu";"25/09/2026 17:11:13";3671,5;1;46290716119,7917
"HMI<->PLC_Real{0}";"25/09/2026 17:11:13";1247;1;46290716119,7917
"Tlm_Bil21_Eu";"25/09/2026 17:11:14";427,2;1;46290716132,1644
"Tlm_Dos8_Eu";"25/09/2026 17:11:14";3690,2;1;46290716132,1644
"HMI<->PLC_Real{0}";"25/09/2026 17:11:14";1247;1;46290716132,1644
"Tlm_Bil21_Eu";"25/09/2026 17:11:15";457;1;46290716144,5833
"Tlm_Dos8_Eu";"25/09/2026 17:11:15";3590,1;1;46290716144,5833
"HMI<->PLC_Real{0}";"25/09/2026 17:11:15";1247;1;46290716144,5833
"Tlm_Bil21_Eu";"25/09/2026 17:11:16";506,1;1;46290716156,9329
"Tlm_Dos8_Eu";"25/09/2026 17:11:16";3618;1;46290716156,9329
"HMI<->PLC_Real{0}";"25/09/2026 17:11:16";1247;1;46290716156,9329
"Tlm_Bil21_Eu";"25/09/2026 17:11:17";552,3;1;46290716169,0625
"Tlm_Dos8_Eu";"25/09/2026 17:11:17";3431,9;1;46290716169,0625
"HMI<->PLC_Real{0}";"25/09/2026 17:11:17";1247;1;46290716169,0625
"Tlm_Bil21_Eu";"25/09/2026 17:11:18";595,2;1;46290716180,6945
"Tlm_Dos8_Eu";"25/09/2026 17:11:18";3297;1;46290716180,6945
"HMI<->PLC_Real{0}";"25/09/2026 17:11:18";1247;1;46290716180,6945
"Tlm_Bil21_Eu";"25/09/2026 17:11:19";641,7;1;46290716193,1481
"Tlm_Dos8_Eu";"25/09/2026 17:11:19";3396,4;1;46290716193,1481
"HMI<->PLC_Real{0}";"25/09/2026 17:11:19";1247;1;46290716193,1481
"Tlm_Bil21_Eu";"25/09/2026 17:11:20";676,9;1;46290716205,5324
"Tlm_Dos8_Eu";"25/09/2026 17:11:20";3436,9;1;46290716205,5324
"HMI<->PLC_Real{0}";"25/09/2026 17:11:20";1247;1;46290716205,5324
"Tlm_Bil21_Eu";"25/09/2026 17:11:21";714;1;46290716217,8356
"Tlm_Dos8_Eu";"25/09/2026 17:11:21";3460,1;1;46290716217,8356
"HMI<->PLC_Real{0}";"25/09/2026 17:11:21";1247;1;46290716217,8356
"Tlm_Bil21_Eu";"25/09/2026 17:11:22";743,2;1;46290716230,2546
"Tlm_Dos8_Eu";"25/09/2026 17:11:22";3281,6;1;46290716230,2546
"HMI<->PLC_Real{0}";"25/09/2026 17:11:22";1247;1;46290716230,2546
"Tlm_Bil21_Eu";"25/09/2026 17:11:23";783,6;1;46290716242,5926
"Tlm_Dos8_Eu";"25/09/2026 17:11:23";3307,1;1;46290716242,5926
"HMI<->PLC_Real{0}";"25/09/2026 17:11:23";1247;1;46290716242,5926
"Tlm_Bil21_Eu";"25/09/2026 17:11:24";845,1;1;46290716255,1157
"Tlm_Dos8_Eu";"25/09/2026 17:11:24";3170,1;1;46290716255,1157
"HMI<->PLC_Real{0}";"25/09/2026 17:11:24";1247;1;46290716255,1157
"Tlm_Bil21_Eu";"25/09/2026 17:11:26";890,2;1;46290716267,4537
"Tlm_Dos8_Eu";"25/09/2026 17:11:26";3184,2;1;46290716267,4537
"HMI<->PLC_Real{0}";"25/09/2026 17:11:26";1247;1;46290716267,4537
"Tlm_Bil21_Eu";"25/09/2026 17:11:27";980,8;1;46290716279,838
"Tlm_Dos8_Eu";"25/09/2026 17:11:27";2996,9;1;46290716279,838
"HMI<->PLC_Real{0}";"25/09/2026 17:11:27";1247;1;46290716279,838
"Tlm_Bil21_Eu";"25/09/2026 17:11:28";1021,8;1;46290716292,2222
"Tlm_Dos8_Eu";"25/09/2026 17:11:28";3051;1;46290716292,2222
"HMI<->PLC_Real{0}";"25/09/2026 17:11:28";1247;1;46290716292,2222
"Tlm_Bil21_Eu";"25/09/2026 17:11:29";1048,7;1;46290716304,6065
"Tlm_Dos8_Eu";"25/09/2026 17:11:29";2964,8;1;46290716304,6065
"HMI<->PLC_Real{0}";"25/09/2026 17:11:29";1247;1;46290716304,6065
"Tlm_Bil21_Eu";"25/09/2026 17:11:30";1087,3;1;46290716316,2384
"Tlm_Dos8_Eu";"25/09/2026 17:11:30";3077,1;1;46290716316,2384
"HMI<->PLC_Real{0}";"25/09/2026 17:11:30";1247;1;46290716316,2384
"Tlm_Bil21_Eu";"25/09/2026 17:11:31";1126,5;1;46290716327,8819
"Tlm_Dos8_Eu";"25/09/2026 17:11:31";2833,6;1;46290716327,8819
"HMI<->PLC_Real{0}";"25/09/2026 17:11:31";1247;1;46290716327,8819
"Tlm_Bil21_Eu";"25/09/2026 17:11:32";1149,2;1;46290716339,5139
"Tlm_Dos8_Eu";"25/09/2026 17:11:32";2909,9;1;46290716339,5139
"HMI<->PLC_Real{0}";"25/09/2026 17:11:32";1247;1;46290716339,5139
"Tlm_Bil21_Eu";"25/09/2026 17:11:33";1174,8;1;46290716351,2847
"Tlm_Dos8_Eu";"25/09/2026 17:11:33";2881,6;1;46290716351,2847
"HMI<->PLC_Real{0}";"25/09/2026 17:11:33";1247;1;46290716351,2847
"Tlm_Bil21_Eu";"25/09/2026 17:11:34";1183,8;1;46290716363,6227
"Tlm_Dos8_Eu";"25/09/2026 17:11:34";2883,7;1;46290716363,6227
"HMI<->PLC_Real{0}";"25/09/2026 17:11:34";1247;1;46290716363,6227
"Tlm_Bil21_Eu";"25/09/2026 17:11:35";1190,9;1;46290716375,9259
"Tlm_Dos8_Eu";"25/09/2026 17:11:35";2872,1;1;46290716375,9259
"HMI<->PLC_Real{0}";"25/09/2026 17:11:35";1247;1;46290716375,9259
"Tlm_Bil21_Eu";"25/09/2026 17:11:36";1202,6;1;46290716388,2755
"Tlm_Dos8_Eu";"25/09/2026 17:11:36";2860,5;1;46290716388,2755
"HMI<->PLC_Real{0}";"25/09/2026 17:11:36";1247;1;46290716388,2755
"Tlm_Bil21_Eu";"25/09/2026 17:11:37";1206,6;1;46290716400,6713
"Tlm_Dos8_Eu";"25/09/2026 17:11:37";2858,8;1;46290716400,6713
"HMI<->PLC_Real{0}";"25/09/2026 17:11:37";1247;1;46290716400,6713
"Tlm_Bil21_Eu";"25/09/2026 17:11:38";1218,7;1;46290716412,7778
"Tlm_Dos8_Eu";"25/09/2026 17:11:38";2843,1;1;46290716412,7778
"HMI<->PLC_Real{0}";"25/09/2026 17:11:38";1247;1;46290716412,7778
"Tlm_Bil21_Eu";"25/09/2026 17:11:39";1233,2;1;46290716424,4213
"Tlm_Dos8_Eu";"25/09/2026 17:11:39";2827;1;46290716424,4213
"HMI<->PLC_Real{0}";"25/09/2026 17:11:39";1247;1;46290716424,4213
"Tlm_Bil21_Eu";"25/09/2026 17:11:40";1246,8;1;46290716436,0417
"Tlm_Dos8_Eu";"25/09/2026 17:11:40";2865,3;1;46290716436,0417
"HMI<->PLC_Real{0}";"25/09/2026 17:11:40";1247;1;46290716436,0417
"Tlm_Bil21_Eu";"25/09/2026 17:11:41";1247;1;46290716447,7199
"Tlm_Dos8_Eu";"25/09/2026 17:11:41";2826;1;46290716447,7199
"HMI<->PLC_Real{0}";"25/09/2026 17:11:41";1247;1;46290716447,7199
"Bil21_Wrk_DosaggioInCorso";"25/09/2026 17:11:42";0;1;46290716453,1481
"Tlm_Bil21_Eu";"25/09/2026 17:12:02";0,1;1;46290716694,4213
"Tlm_Dos8_Eu";"25/09/2026 17:12:02";4132;1;46290716694,4213
"HMI<->PLC_Real{0}";"25/09/2026 17:12:02";1247;1;46290716694,4213
"Tlm_Bil21_Eu";"25/09/2026 17:12:03";19,8;1;46290716706,0301
"Tlm_Dos8_Eu";"25/09/2026 17:12:03";4144,6;1;46290716706,0301
"HMI<->PLC_Real{0}";"25/09/2026 17:12:03";1247;1;46290716706,0301
"Tlm_Bil21_Eu";"25/09/2026 17:12:04";65,6;1;46290716717,6389
"Tlm_Dos8_Eu";"25/09/2026 17:12:04";4007,7;1;46290716717,6389
"HMI<->PLC_Real{0}";"25/09/2026 17:12:04";1247;1;46290716717,6389
"Tlm_Bil21_Eu";"25/09/2026 17:12:05";115,9;1;46290716729,2708
"Tlm_Dos8_Eu";"25/09/2026 17:12:05";3920,8;1;46290716729,2708
"HMI<->PLC_Real{0}";"25/09/2026 17:12:05";1247;1;46290716729,2708
"Tlm_Bil21_Eu";"25/09/2026 17:12:06";160,6;1;46290716740,9028
"Tlm_Dos8_Eu";"25/09/2026 17:12:06";3917,4;1;46290716740,9028
"HMI<->PLC_Real{0}";"25/09/2026 17:12:06";1247;1;46290716740,9028
"Tlm_Bil21_Eu";"25/09/2026 17:12:07";211,1;1;46290716752,5347
"Tlm_Dos8_Eu";"25/09/2026 17:12:07";3815,8;1;46290716752,5347
"HMI<->PLC_Real{0}";"25/09/2026 17:12:07";1247;1;46290716752,5347
"Tlm_Bil21_Eu";"25/09/2026 17:12:08";264,9;1;46290716764,1551
"Tlm_Dos8_Eu";"25/09/2026 17:12:08";3820,1;1;46290716764,1551
"HMI<->PLC_Real{0}";"25/09/2026 17:12:08";1247;1;46290716764,1551
"Tlm_Bil21_Eu";"25/09/2026 17:12:09";315,7;1;46290716775,7523
"Tlm_Dos8_Eu";"25/09/2026 17:12:09";3659,3;1;46290716775,7523
"HMI<->PLC_Real{0}";"25/09/2026 17:12:09";1247;1;46290716775,7523
"Tlm_Bil21_Eu";"25/09/2026 17:12:10";363,2;1;46290716787,3843
"Tlm_Dos8_Eu";"25/09/2026 17:12:10";3703,3;1;46290716787,3843
"HMI<->PLC_Real{0}";"25/09/2026 17:12:10";1247;1;46290716787,3843
"Tlm_Bil21_Eu";"25/09/2026 17:12:11";408;1;46290716799,0162
"Tlm_Dos8_Eu";"25/09/2026 17:12:11";3624,1;1;46290716799,0162
"HMI<->PLC_Real{0}";"25/09/2026 17:12:11";1247;1;46290716799,0162
"Tlm_Bil21_Eu";"25/09/2026 17:12:12";469,8;1;46290716810,6366
"Tlm_Dos8_Eu";"25/09/2026 17:12:12";3582,5;1;46290716810,6366
"HMI<->PLC_Real{0}";"25/09/2026 17:12:12";1247;1;46290716810,6366
"Tlm_Bil21_Eu";"25/09/2026 17:12:13";538,3;1;46290716822,2685
"Tlm_Dos8_Eu";"25/09/2026 17:12:13";3480,6;1;46290716822,2685
"HMI<->PLC_Real{0}";"25/09/2026 17:12:13";1247;1;46290716822,2685
"Tlm_Bil21_Eu";"25/09/2026 17:12:15";574,9;1;46290716834,5139
"Tlm_Dos8_Eu";"25/09/2026 17:12:15";3400,6;1;46290716834,5139
"HMI<->PLC_Real{0}";"25/09/2026 17:12:15";1247;1;46290716834,5139
"Tlm_Bil21_Eu";"25/09/2026 17:12:16";672,9;1;46290716846,7014
"Tlm_Dos8_Eu";"25/09/2026 17:12:16";3275;1;46290716846,7014
"HMI<->PLC_Real{0}";"25/09/2026 17:12:16";1247;1;46290716846,7014
"Tlm_Bil21_Eu";"25/09/2026 17:12:17";710,3;1;46290716858,9005
"Tlm_Dos8_Eu";"25/09/2026 17:12:17";3309,9;1;46290716858,9005
"HMI<->PLC_Real{0}";"25/09/2026 17:12:17";1247;1;46290716858,9005
"Tlm_Bil21_Eu";"25/09/2026 17:12:18";772,6;1;46290716871,088
"Tlm_Dos8_Eu";"25/09/2026 17:12:18";3210,2;1;46290716871,088
"HMI<->PLC_Real{0}";"25/09/2026 17:12:18";1247;1;46290716871,088
"Tlm_Bil21_Eu";"25/09/2026 17:12:19";816,7;1;46290716882,9745
"Tlm_Dos8_Eu";"25/09/2026 17:12:19";3166,9;1;46290716882,9745
"HMI<->PLC_Real{0}";"25/09/2026 17:12:19";1247;1;46290716882,9745
"Tlm_Bil21_Eu";"25/09/2026 17:12:20";853,3;1;46290716894,5833
"Tlm_Dos8_Eu";"25/09/2026 17:12:20";3167,2;1;46290716894,5833
"HMI<->PLC_Real{0}";"25/09/2026 17:12:20";1247;1;46290716894,5833
"Tlm_Bil21_Eu";"25/09/2026 17:12:21";912,5;1;46290716906,7014
"Tlm_Dos8_Eu";"25/09/2026 17:12:21";2994,4;1;46290716906,7014
"HMI<->PLC_Real{0}";"25/09/2026 17:12:21";1247;1;46290716906,7014
"Tlm_Bil21_Eu";"25/09/2026 17:12:22";951,1;1;46290716919,5718
"Tlm_Dos8_Eu";"25/09/2026 17:12:22";3037,5;1;46290716919,5718
"HMI<->PLC_Real{0}";"25/09/2026 17:12:22";1247;1;46290716919,5718
"Tlm_Bil21_Eu";"25/09/2026 17:12:23";998,4;1;46290716932,4074
"Tlm_Dos8_Eu";"25/09/2026 17:12:23";2981,7;1;46290716932,4074
"HMI<->PLC_Real{0}";"25/09/2026 17:12:23";1247;1;46290716932,4074
"Tlm_Bil21_Eu";"25/09/2026 17:12:24";1037,6;1;46290716945,2546
"Tlm_Dos8_Eu";"25/09/2026 17:12:24";2927,2;1;46290716945,2546
"HMI<->PLC_Real{0}";"25/09/2026 17:12:24";1247;1;46290716945,2546
"Tlm_Bil21_Eu";"25/09/2026 17:12:25";1081;1;46290716958,125
"Tlm_Dos8_Eu";"25/09/2026 17:12:25";2994,9;1;46290716958,125
"HMI<->PLC_Real{0}";"25/09/2026 17:12:25";1247;1;46290716958,125
"Tlm_Bil21_Eu";"25/09/2026 17:12:26";1106,7;1;46290716970,9722
"Tlm_Dos8_Eu";"25/09/2026 17:12:26";2938,6;1;46290716970,9722
"HMI<->PLC_Real{0}";"25/09/2026 17:12:26";1247;1;46290716970,9722
"Tlm_Bil21_Eu";"25/09/2026 17:12:27";1116,8;1;46290716983,831
"Tlm_Dos8_Eu";"25/09/2026 17:12:27";2935,1;1;46290716983,831
"HMI<->PLC_Real{0}";"25/09/2026 17:12:27";1247;1;46290716983,831
"Tlm_Bil21_Eu";"25/09/2026 17:12:29";1124,6;1;46290716996,6782
"Tlm_Dos8_Eu";"25/09/2026 17:12:29";2933;1;46290716996,6782
"HMI<->PLC_Real{0}";"25/09/2026 17:12:29";1247;1;46290716996,6782
"Tlm_Bil21_Eu";"25/09/2026 17:12:30";1195;1;46290717009,537
"Tlm_Dos8_Eu";"25/09/2026 17:12:30";2901,9;1;46290717009,537
"HMI<->PLC_Real{0}";"25/09/2026 17:12:30";1247;1;46290717009,537
"Tlm_Bil21_Eu";"25/09/2026 17:12:31";1207,8;1;46290717022,3958
"Tlm_Dos8_Eu";"25/09/2026 17:12:31";2869,4;1;46290717022,3958
"HMI<->PLC_Real{0}";"25/09/2026 17:12:31";1247;1;46290717022,3958
"Tlm_Bil21_Eu";"25/09/2026 17:12:32";1214,9;1;46290717035,2546
"Tlm_Dos8_Eu";"25/09/2026 17:12:32";2862,8;1;46290717035,2546
"HMI<->PLC_Real{0}";"25/09/2026 17:12:32";1247;1;46290717035,2546
"Tlm_Bil21_Eu";"25/09/2026 17:12:33";1218;1;46290717048,0903
"Tlm_Dos8_Eu";"25/09/2026 17:12:33";2859,8;1;46290717048,0903
"HMI<->PLC_Real{0}";"25/09/2026 17:12:33";1247;1;46290717048,0903
"Tlm_Bil21_Eu";"25/09/2026 17:12:34";1239;1;46290717060,9838
"Tlm_Dos8_Eu";"25/09/2026 17:12:34";2837,2;1;46290717060,9838
"HMI<->PLC_Real{0}";"25/09/2026 17:12:34";1247;1;46290717060,9838
"Tlm_Bil21_Eu";"25/09/2026 17:12:35";1244,2;1;46290717073,8195
"Tlm_Dos8_Eu";"25/09/2026 17:12:35";2837,3;1;46290717073,8195
"HMI<->PLC_Real{0}";"25/09/2026 17:12:35";1247;1;46290717073,8195
"Bil21_Wrk_DosaggioInCorso";"25/09/2026 17:12:36";0;1;46290717078,2176
"Tlm_Bil21_Eu";"25/09/2026 17:13:03";0,2;1;46290717393,2292
"Tlm_Dos8_Eu";"25/09/2026 17:13:03";4136,7;1;46290717393,2292
"HMI<->PLC_Real{0}";"25/09/2026 17:13:03";1247;1;46290717393,2292
"Tlm_Bil21_Eu";"25/09/2026 17:13:04";0,2;1;46290717404,8611
"Tlm_Dos8_Eu";"25/09/2026 17:13:04";4174,8;1;46290717404,8611
"HMI<->PLC_Real{0}";"25/09/2026 17:13:04";1247;1;46290717404,8611
"Tlm_Bil21_Eu";"25/09/2026 17:13:05";70,3;1;46290717416,4931
"Tlm_Dos8_Eu";"25/09/2026 17:13:05";4022,8;1;46290717416,4931
"HMI<->PLC_Real{0}";"25/09/2026 17:13:05";1247;1;46290717416,4931
"Tlm_Bil21_Eu";"25/09/2026 17:13:06";110,9;1;46290717428,6806
"Tlm_Dos8_Eu";"25/09/2026 17:13:06";3880,5;1;46290717428,6806
"HMI<->PLC_Real{0}";"25/09/2026 17:13:06";1247;1;46290717428,6806
"Tlm_Bil21_Eu";"25/09/2026 17:13:07";158,8;1;46290717441,5046
"Tlm_Dos8_Eu";"25/09/2026 17:13:07";3896,8;1;46290717441,5046
"HMI<->PLC_Real{0}";"25/09/2026 17:13:07";1247;1;46290717441,5046
"Tlm_Bil21_Eu";"25/09/2026 17:13:08";220,8;1;46290717454,3287
"Tlm_Dos8_Eu";"25/09/2026 17:13:08";3864,6;1;46290717454,3287
"HMI<->PLC_Real{0}";"25/09/2026 17:13:08";1247;1;46290717454,3287
"Tlm_Bil21_Eu";"25/09/2026 17:13:09";265;1;46290717467,1759
"Tlm_Dos8_Eu";"25/09/2026 17:13:09";3854,9;1;46290717467,1759
"HMI<->PLC_Real{0}";"25/09/2026 17:13:09";1247;1;46290717467,1759
"Tlm_Bil21_Eu";"25/09/2026 17:13:10";305,5;1;46290717480,0347
"Tlm_Dos8_Eu";"25/09/2026 17:13:10";3763,3;1;46290717480,0347
"HMI<->PLC_Real{0}";"25/09/2026 17:13:10";1247;1;46290717480,0347
"Tlm_Bil21_Eu";"25/09/2026 17:13:11";349,9;1;46290717492,8704
"Tlm_Dos8_Eu";"25/09/2026 17:13:11";3716,4;1;46290717492,8704
"HMI<->PLC_Real{0}";"25/09/2026 17:13:11";1247;1;46290717492,8704
"Tlm_Bil21_Eu";"25/09/2026 17:13:12";384,5;1;46290717505,7407
"Tlm_Dos8_Eu";"25/09/2026 17:13:12";3761,5;1;46290717505,7407
"HMI<->PLC_Real{0}";"25/09/2026 17:13:12";1247;1;46290717505,7407
"Tlm_Bil21_Eu";"25/09/2026 17:13:14";485,3;1;46290717518,5764
"Tlm_Dos8_Eu";"25/09/2026 17:13:14";3629,5;1;46290717518,5764
"HMI<->PLC_Real{0}";"25/09/2026 17:13:14";1247;1;46290717518,5764
"Tlm_Bil21_Eu";"25/09/2026 17:13:15";527,3;1;46290717531,4352
"Tlm_Dos8_Eu";"25/09/2026 17:13:15";3512;1;46290717531,4352
"HMI<->PLC_Real{0}";"25/09/2026 17:13:15";1247;1;46290717531,4352
"Tlm_Bil21_Eu";"25/09/2026 17:13:16";571;1;46290717544,2708
"Tlm_Dos8_Eu";"25/09/2026 17:13:16";3437,1;1;46290717544,2708
"HMI<->PLC_Real{0}";"25/09/2026 17:13:16";1247;1;46290717544,2708
"Tlm_Bil21_Eu";"25/09/2026 17:13:17";619,7;1;46290717557,1296
"Tlm_Dos8_Eu";"25/09/2026 17:13:17";3441,9;1;46290717557,1296
"HMI<->PLC_Real{0}";"25/09/2026 17:13:17";1247;1;46290717557,1296
"Tlm_Bil21_Eu";"25/09/2026 17:13:18";667;1;46290717570,0116
"Tlm_Dos8_Eu";"25/09/2026 17:13:18";3414,3;1;46290717570,0116
"HMI<->PLC_Real{0}";"25/09/2026 17:13:18";1247;1;46290717570,0116
"Tlm_Bil21_Eu";"25/09/2026 17:13:19";713,9;1;46290717582,8588
"Tlm_Dos8_Eu";"25/09/2026 17:13:19";3323,4;1;46290717582,8588
"HMI<->PLC_Real{0}";"25/09/2026 17:13:19";1247;1;46290717582,8588
"Tlm_Bil21_Eu";"25/09/2026 17:13:20";768,3;1;46290717595,6944
"Tlm_Dos8_Eu";"25/09/2026 17:13:20";3235,7;1;46290717595,6944
"HMI<->PLC_Real{0}";"25/09/2026 17:13:20";1247;1;46290717595,6944
"Tlm_Bil21_Eu";"25/09/2026 17:13:21";827,8;1;46290717608,5648
"Tlm_Dos8_Eu";"25/09/2026 17:13:21";3300,2;1;46290717608,5648
"HMI<->PLC_Real{0}";"25/09/2026 17:13:21";1247;1;46290717608,5648
"Tlm_Bil21_Eu";"25/09/2026 17:13:22";873,4;1;46290717621,4236
"Tlm_Dos8_Eu";"25/09/2026 17:13:22";3274,4;1;46290717621,4236
"HMI<->PLC_Real{0}";"25/09/2026 17:13:22";1247;1;46290717621,4236
"Tlm_Bil21_Eu";"25/09/2026 17:13:24";1008,8;1;46290717634,2708
"Tlm_Dos8_Eu";"25/09/2026 17:13:24";3014,5;1;46290717634,2708
"HMI<->PLC_Real{0}";"25/09/2026 17:13:24";1247;1;46290717634,2708
"Tlm_Bil21_Eu";"25/09/2026 17:13:25";1043,3;1;46290717647,1181
"Tlm_Dos8_Eu";"25/09/2026 17:13:25";2961,6;1;46290717647,1181
"HMI<->PLC_Real{0}";"25/09/2026 17:13:25";1247;1;46290717647,1181
"Tlm_Bil21_Eu";"25/09/2026 17:13:26";1066,5;1;46290717659,9653
"Tlm_Dos8_Eu";"25/09/2026 17:13:26";3021,5;1;46290717659,9653
"HMI<->PLC_Real{0}";"25/09/2026 17:13:26";1247;1;46290717659,9653
"Tlm_Bil21_Eu";"25/09/2026 17:13:27";1091;1;46290717672,8125
"Tlm_Dos8_Eu";"25/09/2026 17:13:27";2994;1;46290717672,8125
"HMI<->PLC_Real{0}";"25/09/2026 17:13:27";1247;1;46290717672,8125
"Tlm_Bil21_Eu";"25/09/2026 17:13:28";1108,5;1;46290717685,6829
"Tlm_Dos8_Eu";"25/09/2026 17:13:28";2936,5;1;46290717685,6829
"HMI<->PLC_Real{0}";"25/09/2026 17:13:28";1247;1;46290717685,6829
"Tlm_Bil21_Eu";"25/09/2026 17:13:29";1143,2;1;46290717698,5532
"Tlm_Dos8_Eu";"25/09/2026 17:13:29";2878,7;1;46290717698,5532
"HMI<->PLC_Real{0}";"25/09/2026 17:13:29";1247;1;46290717698,5532
"Tlm_Bil21_Eu";"25/09/2026 17:13:30";1153,8;1;46290717711,3657
"Tlm_Dos8_Eu";"25/09/2026 17:13:30";2955,5;1;46290717711,3657
"HMI<->PLC_Real{0}";"25/09/2026 17:13:30";1247;1;46290717711,3657
"Tlm_Bil21_Eu";"25/09/2026 17:13:31";1175,6;1;46290717724,2361
"Tlm_Dos8_Eu";"25/09/2026 17:13:31";2883,5;1;46290717724,2361
"HMI<->PLC_Real{0}";"25/09/2026 17:13:31";1247;1;46290717724,2361
"Tlm_Bil21_Eu";"25/09/2026 17:13:32";1195,9;1;46290717737,0833
"Tlm_Dos8_Eu";"25/09/2026 17:13:32";2860,3;1;46290717737,0833
"HMI<->PLC_Real{0}";"25/09/2026 17:13:32";1247;1;46290717737,0833
"Tlm_Bil21_Eu";"25/09/2026 17:13:34";1248,9;1;46290717749,919
"Tlm_Dos8_Eu";"25/09/2026 17:13:34";2774,7;1;46290717749,919
"HMI<->PLC_Real{0}";"25/09/2026 17:13:34";1247;1;46290717749,919
"Tlm_Bil21_Eu";"25/09/2026 17:13:35";1249,4;1;46290717762,7662
"Tlm_Dos8_Eu";"25/09/2026 17:13:35";2818,4;1;46290717762,7662
"HMI<->PLC_Real{0}";"25/09/2026 17:13:35";1247;1;46290717762,7662
"Bil21_Wrk_DosaggioInCorso";"25/09/2026 17:13:36";0;1;46290717772,3032
"Tlm_Bil21_Eu";"25/09/2026 17:14:16";-0,1;1;46290718242,3611
"Tlm_Dos8_Eu";"25/09/2026 17:14:16";2817,8;1;46290718242,3611
"HMI<->PLC_Real{0}";"25/09/2026 17:14:16";1247;1;46290718242,3611
"Tlm_Bil21_Eu";"25/09/2026 17:14:17";2;1;46290718254,6065
"Tlm_Dos8_Eu";"25/09/2026 17:14:17";2805;1;46290718254,6065
"HMI<->PLC_Real{0}";"25/09/2026 17:14:17";1247;1;46290718254,6065
"Tlm_Bil21_Eu";"25/09/2026 17:14:18";38;1;46290718266,7824
"Tlm_Dos8_Eu";"25/09/2026 17:14:18";2635,9;1;46290718266,7824
"HMI<->PLC_Real{0}";"25/09/2026 17:14:18";1247;1;46290718266,7824
"Tlm_Bil21_Eu";"25/09/2026 17:14:19";100,5;1;46290718278,9931
"Tlm_Dos8_Eu";"25/09/2026 17:14:19";2624,4;1;46290718278,9931
"HMI<->PLC_Real{0}";"25/09/2026 17:14:19";1247;1;46290718278,9931
"Tlm_Bil21_Eu";"25/09/2026 17:14:20";185,2;1;46290718291,3195
"Tlm_Dos8_Eu";"25/09/2026 17:14:20";2567;1;46290718291,3195
"HMI<->PLC_Real{0}";"25/09/2026 17:14:20";1247;1;46290718291,3195
"Tlm_Bil21_Eu";"25/09/2026 17:14:21";237,7;1;46290718303,6111
"Tlm_Dos8_Eu";"25/09/2026 17:14:21";2537,9;1;46290718303,6111
"HMI<->PLC_Real{0}";"25/09/2026 17:14:21";1247;1;46290718303,6111
"Tlm_Bil21_Eu";"25/09/2026 17:14:22";285,6;1;46290718315,8912
"Tlm_Dos8_Eu";"25/09/2026 17:14:22";2449,3;1;46290718315,8912
"HMI<->PLC_Real{0}";"25/09/2026 17:14:22";1247;1;46290718315,8912
"Tlm_Bil21_Eu";"25/09/2026 17:14:24";389,3;1;46290718328,2523
"Tlm_Dos8_Eu";"25/09/2026 17:14:24";2479,4;1;46290718328,2523
"HMI<->PLC_Real{0}";"25/09/2026 17:14:24";1247;1;46290718328,2523
"Tlm_Bil21_Eu";"25/09/2026 17:14:25";444,7;1;46290718340,5787
"Tlm_Dos8_Eu";"25/09/2026 17:14:25";2297,7;1;46290718340,5787
"HMI<->PLC_Real{0}";"25/09/2026 17:14:25";1247;1;46290718340,5787
"Tlm_Bil21_Eu";"25/09/2026 17:14:26";490,8;1;46290718352,8819
"Tlm_Dos8_Eu";"25/09/2026 17:14:26";2278,8;1;46290718352,8819
"HMI<->PLC_Real{0}";"25/09/2026 17:14:26";1247;1;46290718352,8819
"Tlm_Bil21_Eu";"25/09/2026 17:14:27";540,6;1;46290718365,2083
"Tlm_Dos8_Eu";"25/09/2026 17:14:27";2134,2;1;46290718365,2083
"HMI<->PLC_Real{0}";"25/09/2026 17:14:27";1247;1;46290718365,2083
"Tlm_Bil21_Eu";"25/09/2026 17:14:28";588,8;1;46290718377,5347
"Tlm_Dos8_Eu";"25/09/2026 17:14:28";1936,4;1;46290718377,5347
"HMI<->PLC_Real{0}";"25/09/2026 17:14:28";1247;1;46290718377,5347
"Tlm_Bil21_Eu";"25/09/2026 17:14:29";629,7;1;46290718389,838
"Tlm_Dos8_Eu";"25/09/2026 17:14:29";2052,9;1;46290718389,838
"HMI<->PLC_Real{0}";"25/09/2026 17:14:29";1247;1;46290718389,838
"Tlm_Bil21_Eu";"25/09/2026 17:14:30";663,5;1;46290718402,1296
"Tlm_Dos8_Eu";"25/09/2026 17:14:30";2033;1;46290718402,1296
"HMI<->PLC_Real{0}";"25/09/2026 17:14:30";1247;1;46290718402,1296
"Tlm_Bil21_Eu";"25/09/2026 17:14:31";689,4;1;46290718414,4792
"Tlm_Dos8_Eu";"25/09/2026 17:14:31";2072,7;1;46290718414,4792
"HMI<->PLC_Real{0}";"25/09/2026 17:14:31";1247;1;46290718414,4792
"Tlm_Bil21_Eu";"25/09/2026 17:14:32";721,6;1;46290718426,7824
"Tlm_Dos8_Eu";"25/09/2026 17:14:32";1860,7;1;46290718426,7824
"HMI<->PLC_Real{0}";"25/09/2026 17:14:32";1247;1;46290718426,7824
"Tlm_Bil21_Eu";"25/09/2026 17:14:33";765,6;1;46290718439,1667
"Tlm_Dos8_Eu";"25/09/2026 17:14:33";1849,7;1;46290718439,1667
"HMI<->PLC_Real{0}";"25/09/2026 17:14:33";1247;1;46290718439,1667
"Tlm_Bil21_Eu";"25/09/2026 17:14:34";798,2;1;46290718451,4931
"Tlm_Dos8_Eu";"25/09/2026 17:14:34";1825,6;1;46290718451,4931
"HMI<->PLC_Real{0}";"25/09/2026 17:14:34";1247;1;46290718451,4931
"Tlm_Bil21_Eu";"25/09/2026 17:14:35";835,7;1;46290718463,7963
"Tlm_Dos8_Eu";"25/09/2026 17:14:35";1934,4;1;46290718463,7963
"HMI<->PLC_Real{0}";"25/09/2026 17:14:35";1247;1;46290718463,7963
"Tlm_Bil21_Eu";"25/09/2026 17:14:36";878,2;1;46290718476,0995
"Tlm_Dos8_Eu";"25/09/2026 17:14:36";1656,6;1;46290718476,0995
"HMI<->PLC_Real{0}";"25/09/2026 17:14:36";1247;1;46290718476,0995
"Tlm_Bil21_Eu";"25/09/2026 17:14:37";903,8;1;46290718488,3912
"Tlm_Dos8_Eu";"25/09/2026 17:14:37";1646,6;1;46290718488,3912
"HMI<->PLC_Real{0}";"25/09/2026 17:14:37";1247;1;46290718488,3912
"Tlm_Bil21_Eu";"25/09/2026 17:14:38";935,1;1;46290718500,6713
"Tlm_Dos8_Eu";"25/09/2026 17:14:38";1718,1;1;46290718500,6713
"HMI<->PLC_Real{0}";"25/09/2026 17:14:38";1247;1;46290718500,6713
"Tlm_Bil21_Eu";"25/09/2026 17:14:40";964;1;46290718512,963
"Tlm_Dos8_Eu";"25/09/2026 17:14:40";1752,9;1;46290718512,963
"HMI<->PLC_Real{0}";"25/09/2026 17:14:40";1247;1;46290718512,963
"Tlm_Bil21_Eu";"25/09/2026 17:14:41";1042,7;1;46290718525,2662
"Tlm_Dos8_Eu";"25/09/2026 17:14:41";1730,5;1;46290718525,2662
"HMI<->PLC_Real{0}";"25/09/2026 17:14:41";1247;1;46290718525,2662
"Tlm_Bil21_Eu";"25/09/2026 17:14:42";1091,5;1;46290718537,5463
"Tlm_Dos8_Eu";"25/09/2026 17:14:42";1505,2;1;46290718537,5463
"HMI<->PLC_Real{0}";"25/09/2026 17:14:42";1247;1;46290718537,5463
"Tlm_Bil21_Eu";"25/09/2026 17:14:43";1138;1;46290718549,8611
"Tlm_Dos8_Eu";"25/09/2026 17:14:43";1672,8;1;46290718549,8611
"HMI<->PLC_Real{0}";"25/09/2026 17:14:43";1247;1;46290718549,8611
"Tlm_Bil21_Eu";"25/09/2026 17:14:44";1159,9;1;46290718562,1759
"Tlm_Dos8_Eu";"25/09/2026 17:14:44";1715,9;1;46290718562,1759
"HMI<->PLC_Real{0}";"25/09/2026 17:14:44";1247;1;46290718562,1759
"Tlm_Bil21_Eu";"25/09/2026 17:14:45";1176,2;1;46290718574,4792
"Tlm_Dos8_Eu";"25/09/2026 17:14:45";1572,5;1;46290718574,4792
"HMI<->PLC_Real{0}";"25/09/2026 17:14:45";1247;1;46290718574,4792
"Tlm_Bil21_Eu";"25/09/2026 17:14:46";1194,7;1;46290718586,8287
"Tlm_Dos8_Eu";"25/09/2026 17:14:46";1549,2;1;46290718586,8287
"HMI<->PLC_Real{0}";"25/09/2026 17:14:46";1247;1;46290718586,8287
"Tlm_Bil21_Eu";"25/09/2026 17:14:47";1207,5;1;46290718599,1551
"Tlm_Dos8_Eu";"25/09/2026 17:14:47";1539,3;1;46290718599,1551
"HMI<->PLC_Real{0}";"25/09/2026 17:14:47";1247;1;46290718599,1551
"Tlm_Bil21_Eu";"25/09/2026 17:14:48";1213,6;1;46290718611,5509
"Tlm_Dos8_Eu";"25/09/2026 17:14:48";1528,2;1;46290718611,5509
"HMI<->PLC_Real{0}";"25/09/2026 17:14:48";1247;1;46290718611,5509
"Tlm_Bil21_Eu";"25/09/2026 17:14:49";1222,4;1;46290718623,9352
"Tlm_Dos8_Eu";"25/09/2026 17:14:49";1523,1;1;46290718623,9352
"HMI<->PLC_Real{0}";"25/09/2026 17:14:49";1247;1;46290718623,9352
"Tlm_Bil21_Eu";"25/09/2026 17:14:50";1225,6;1;46290718636,331
"Tlm_Dos8_Eu";"25/09/2026 17:14:50";1517,5;1;46290718636,331
"HMI<->PLC_Real{0}";"25/09/2026 17:14:50";1247;1;46290718636,331
"Tlm_Bil21_Eu";"25/09/2026 17:14:51";1232,7;1;46290718648,6574
"Tlm_Dos8_Eu";"25/09/2026 17:14:51";1510,6;1;46290718648,6574
"HMI<->PLC_Real{0}";"25/09/2026 17:14:51";1247;1;46290718648,6574
"Tlm_Bil21_Eu";"25/09/2026 17:14:52";1237,1;1;46290718661,007
"Tlm_Dos8_Eu";"25/09/2026 17:14:52";1502;1;46290718661,007
"HMI<->PLC_Real{0}";"25/09/2026 17:14:52";1247;1;46290718661,007
"Tlm_Bil21_Eu";"25/09/2026 17:14:53";1244;1;46290718673,3333
"Tlm_Dos8_Eu";"25/09/2026 17:14:53";1511,8;1;46290718673,3333
"HMI<->PLC_Real{0}";"25/09/2026 17:14:53";1247;1;46290718673,3333
"Tlm_Bil21_Eu";"25/09/2026 17:14:54";1243,8;1;46290718685,6134
"Tlm_Dos8_Eu";"25/09/2026 17:14:54";1501,2;1;46290718685,6134
"HMI<->PLC_Real{0}";"25/09/2026 17:14:54";1247;1;46290718685,6134
"Bil21_Wrk_DosaggioInCorso";"25/09/2026 17:14:55";0;1;46290718686,7477
"Tlm_Bil21_Eu";"25/09/2026 17:15:37";0,1;1;46290719182,7199
"Tlm_Dos8_Eu";"25/09/2026 17:15:37";1500,3;1;46290719182,7199
"HMI<->PLC_Real{0}";"25/09/2026 17:15:37";1247;1;46290719182,7199
"Tlm_Bil21_Eu";"25/09/2026 17:15:38";4,1;1;46290719194,3634
"Tlm_Dos8_Eu";"25/09/2026 17:15:38";1456,7;1;46290719194,3634
"HMI<->PLC_Real{0}";"25/09/2026 17:15:38";1247;1;46290719194,3634
"Tlm_Bil21_Eu";"25/09/2026 17:15:39";23,1;1;46290719205,9838
"Tlm_Dos8_Eu";"25/09/2026 17:15:39";1337,9;1;46290719205,9838
"HMI<->PLC_Real{0}";"25/09/2026 17:15:39";1247;1;46290719205,9838
"Tlm_Bil21_Eu";"25/09/2026 17:15:40";62,9;1;46290719217,6273
"Tlm_Dos8_Eu";"25/09/2026 17:15:40";1235,2;1;46290719217,6273
"HMI<->PLC_Real{0}";"25/09/2026 17:15:40";1247;1;46290719217,6273
"Tlm_Bil21_Eu";"25/09/2026 17:15:41";92,8;1;46290719229,2477
"Tlm_Dos8_Eu";"25/09/2026 17:15:41";1258,5;1;46290719229,2477
"HMI<->PLC_Real{0}";"25/09/2026 17:15:41";1247;1;46290719229,2477
"Tlm_Bil21_Eu";"25/09/2026 17:15:42";146,3;1;46290719240,8796
"Tlm_Dos8_Eu";"25/09/2026 17:15:42";1094,6;1;46290719240,8796
"HMI<->PLC_Real{0}";"25/09/2026 17:15:42";1247;1;46290719240,8796
"Tlm_Bil21_Eu";"25/09/2026 17:15:43";184;1;46290719252,5347
"Tlm_Dos8_Eu";"25/09/2026 17:15:43";1041,4;1;46290719252,5347
"HMI<->PLC_Real{0}";"25/09/2026 17:15:43";1247;1;46290719252,5347
"Tlm_Bil21_Eu";"25/09/2026 17:15:44";232,6;1;46290719264,1782
"Tlm_Dos8_Eu";"25/09/2026 17:15:44";1250,1;1;46290719264,1782
"HMI<->PLC_Real{0}";"25/09/2026 17:15:44";1247;1;46290719264,1782
"Tlm_Bil21_Eu";"25/09/2026 17:15:45";264,1;1;46290719275,8102
"Tlm_Dos8_Eu";"25/09/2026 17:15:45";1121,3;1;46290719275,8102
"HMI<->PLC_Real{0}";"25/09/2026 17:15:45";1247;1;46290719275,8102
"Tlm_Bil21_Eu";"25/09/2026 17:15:46";289,2;1;46290719287,4306
"Tlm_Dos8_Eu";"25/09/2026 17:15:46";1326;1;46290719287,4306
"HMI<->PLC_Real{0}";"25/09/2026 17:15:46";1247;1;46290719287,4306
"Tlm_Bil21_Eu";"25/09/2026 17:15:47";337,8;1;46290719299,0509
"Tlm_Dos8_Eu";"25/09/2026 17:15:47";1135,7;1;46290719299,0509
"HMI<->PLC_Real{0}";"25/09/2026 17:15:47";1247;1;46290719299,0509
"Tlm_Bil21_Eu";"25/09/2026 17:15:48";394,7;1;46290719310,6829
"Tlm_Dos8_Eu";"25/09/2026 17:15:48";1053;1;46290719310,6829
"HMI<->PLC_Real{0}";"25/09/2026 17:15:48";1247;1;46290719310,6829
"Tlm_Bil21_Eu";"25/09/2026 17:15:49";444;1;46290719322,3148
"Tlm_Dos8_Eu";"25/09/2026 17:15:49";1019,1;1;46290719322,3148
"HMI<->PLC_Real{0}";"25/09/2026 17:15:49";1247;1;46290719322,3148
"Tlm_Bil21_Eu";"25/09/2026 17:15:50";484,7;1;46290719333,9583
"Tlm_Dos8_Eu";"25/09/2026 17:15:50";832,6;1;46290719333,9583
"HMI<->PLC_Real{0}";"25/09/2026 17:15:50";1247;1;46290719333,9583
"Tlm_Bil21_Eu";"25/09/2026 17:15:51";536,2;1;46290719345,5787
"Tlm_Dos8_Eu";"25/09/2026 17:15:51";652,4;1;46290719345,5787
"HMI<->PLC_Real{0}";"25/09/2026 17:15:51";1247;1;46290719345,5787
"Tlm_Bil21_Eu";"25/09/2026 17:15:52";579,3;1;46290719357,1991
"Tlm_Dos8_Eu";"25/09/2026 17:15:52";625,6;1;46290719357,1991
"HMI<->PLC_Real{0}";"25/09/2026 17:15:52";1247;1;46290719357,1991
"Tlm_Bil21_Eu";"25/09/2026 17:15:53";624,8;1;46290719368,8426
"Tlm_Dos8_Eu";"25/09/2026 17:15:53";643,8;1;46290719368,8426
"HMI<->PLC_Real{0}";"25/09/2026 17:15:53";1247;1;46290719368,8426
"Tlm_Bil21_Eu";"25/09/2026 17:15:54";687,8;1;46290719380,463
"Tlm_Dos8_Eu";"25/09/2026 17:15:54";695,6;1;46290719380,463
"HMI<->PLC_Real{0}";"25/09/2026 17:15:54";1247;1;46290719380,463
"Tlm_Bil21_Eu";"25/09/2026 17:15:55";726,6;1;46290719392,1181
"Tlm_Dos8_Eu";"25/09/2026 17:15:55";649,5;1;46290719392,1181
"HMI<->PLC_Real{0}";"25/09/2026 17:15:55";1247;1;46290719392,1181
"Tlm_Bil21_Eu";"25/09/2026 17:15:56";759;1;46290719403,7616
"Tlm_Dos8_Eu";"25/09/2026 17:15:56";643,6;1;46290719403,7616
"HMI<->PLC_Real{0}";"25/09/2026 17:15:56";1247;1;46290719403,7616
"Tlm_Bil21_Eu";"25/09/2026 17:15:57";805,2;1;46290719415,3704
"Tlm_Dos8_Eu";"25/09/2026 17:15:57";638,9;1;46290719415,3704
"HMI<->PLC_Real{0}";"25/09/2026 17:15:57";1247;1;46290719415,3704
"Tlm_Bil21_Eu";"25/09/2026 17:15:58";826,2;1;46290719427,0023
"Tlm_Dos8_Eu";"25/09/2026 17:15:58";696,9;1;46290719427,0023
"HMI<->PLC_Real{0}";"25/09/2026 17:15:58";1247;1;46290719427,0023
"Tlm_Bil21_Eu";"25/09/2026 17:15:59";862,2;1;46290719438,6227
"Tlm_Dos8_Eu";"25/09/2026 17:15:59";480,1;1;46290719438,6227
"HMI<->PLC_Real{0}";"25/09/2026 17:15:59";1247;1;46290719438,6227
"Tlm_Bil21_Eu";"25/09/2026 17:16:01";952,2;1;46290719450,2431
"Tlm_Dos8_Eu";"25/09/2026 17:16:01";748,4;1;46290719450,2431
"HMI<->PLC_Real{0}";"25/09/2026 17:16:01";1247;1;46290719450,2431
"Tlm_Bil21_Eu";"25/09/2026 17:16:02";1001,5;1;46290719461,875
"Tlm_Dos8_Eu";"25/09/2026 17:16:02";361,2;1;46290719461,875
"HMI<->PLC_Real{0}";"25/09/2026 17:16:02";1247;1;46290719461,875
"Tlm_Bil21_Eu";"25/09/2026 17:16:03";1049;1;46290719473,4954
"Tlm_Dos8_Eu";"25/09/2026 17:16:03";436,5;1;46290719473,4954
"HMI<->PLC_Real{0}";"25/09/2026 17:16:03";1247;1;46290719473,4954
"Tlm_Bil21_Eu";"25/09/2026 17:16:04";1078,8;1;46290719485,1273
"Tlm_Dos8_Eu";"25/09/2026 17:16:04";170,6;1;46290719485,1273
"HMI<->PLC_Real{0}";"25/09/2026 17:16:04";1247;1;46290719485,1273
"Tlm_Bil21_Eu";"25/09/2026 17:16:05";1098,6;1;46290719496,7361
"Tlm_Dos8_Eu";"25/09/2026 17:16:05";226,5;1;46290719496,7361
"HMI<->PLC_Real{0}";"25/09/2026 17:16:05";1247;1;46290719496,7361
"Tlm_Bil21_Eu";"25/09/2026 17:16:06";1113,2;1;46290719508,3681
"Tlm_Dos8_Eu";"25/09/2026 17:16:06";389;1;46290719508,3681
"HMI<->PLC_Real{0}";"25/09/2026 17:16:06";1247;1;46290719508,3681
"Tlm_Bil21_Eu";"25/09/2026 17:16:07";1119,5;1;46290719520
"Tlm_Dos8_Eu";"25/09/2026 17:16:07";134,6;1;46290719520
"HMI<->PLC_Real{0}";"25/09/2026 17:16:07";1247;1;46290719520
"Tlm_Bil21_Eu";"25/09/2026 17:16:08";1145,2;1;46290719531,6204
"Tlm_Dos8_Eu";"25/09/2026 17:16:08";229;1;46290719531,6204
"HMI<->PLC_Real{0}";"25/09/2026 17:16:08";1247;1;46290719531,6204
"Tlm_Bil21_Eu";"25/09/2026 17:16:09";1149,5;1;46290719543,2292
"Tlm_Dos8_Eu";"25/09/2026 17:16:09";197;1;46290719543,2292
"HMI<->PLC_Real{0}";"25/09/2026 17:16:09";1247;1;46290719543,2292
"Tlm_Bil21_Eu";"25/09/2026 17:16:10";1185,7;1;46290719554,8727
"Tlm_Dos8_Eu";"25/09/2026 17:16:10";244;1;46290719554,8727
"HMI<->PLC_Real{0}";"25/09/2026 17:16:10";1247;1;46290719554,8727
"Tlm_Bil21_Eu";"25/09/2026 17:16:11";1185,7;1;46290719566,4815
"Tlm_Dos8_Eu";"25/09/2026 17:16:11";244;1;46290719566,4815
"HMI<->PLC_Real{0}";"25/09/2026 17:16:11";1247;1;46290719566,4815
"Tlm_Bil21_Eu";"25/09/2026 17:16:12";1196,5;1;46290719578,0903
"Tlm_Dos8_Eu";"25/09/2026 17:16:12";233,3;1;46290719578,0903
"HMI<->PLC_Real{0}";"25/09/2026 17:16:12";1247;1;46290719578,0903
"Tlm_Bil21_Eu";"25/09/2026 17:16:13";1210,5;1;46290719589,7106
"Tlm_Dos8_Eu";"25/09/2026 17:16:13";216,1;1;46290719589,7106
"HMI<->PLC_Real{0}";"25/09/2026 17:16:13";1247;1;46290719589,7106
"Tlm_Bil21_Eu";"25/09/2026 17:16:14";1217,6;1;46290719601,331
"Tlm_Dos8_Eu";"25/09/2026 17:16:14";205,1;1;46290719601,331
"HMI<->PLC_Real{0}";"25/09/2026 17:16:14";1247;1;46290719601,331
"Tlm_Bil21_Eu";"25/09/2026 17:16:15";1228,9;1;46290719612,9398
"Tlm_Dos8_Eu";"25/09/2026 17:16:15";193,6;1;46290719612,9398
"HMI<->PLC_Real{0}";"25/09/2026 17:16:15";1247;1;46290719612,9398
"Tlm_Bil21_Eu";"25/09/2026 17:16:16";1257,7;1;46290719624,5486
"Tlm_Dos8_Eu";"25/09/2026 17:16:16";163,6;1;46290719624,5486
"HMI<->PLC_Real{0}";"25/09/2026 17:16:16";1247;1;46290719624,5486
"Tlm_Bil21_Eu";"25/09/2026 17:16:17";1257,7;1;46290719636,1458
"Tlm_Dos8_Eu";"25/09/2026 17:16:17";163,6;1;46290719636,1458
"HMI<->PLC_Real{0}";"25/09/2026 17:16:17";1247;1;46290719636,1458
"Tlm_Bil21_Eu";"25/09/2026 17:16:18";1261,3;1;46290719647,7662
"Tlm_Dos8_Eu";"25/09/2026 17:16:18";165,1;1;46290719647,7662
"HMI<->PLC_Real{0}";"25/09/2026 17:16:18";1247;1;46290719647,7662
"Bil21_Wrk_DosaggioInCorso";"25/09/2026 17:16:18";0;1;46290719647,9051
"$RT_OFF$";"25/09/2026 17:17:06";0;2;46290720207,9051
"$RT_COUNT$";1672;;;;